Stock,Bonus Symbol,Actual Quantity,Bonus Date,Bonus Percentage,Bonus Quantity,Compounded Quantity
ADBL,ADBL,45.0,"Apr 11, 2016",15.0%,6.75,51.75
ADBL,ADBL,51.75,"Mar 31, 2017",20.0%,10.35,62.1
ADBL,ADBL,62.1,"Jan 29, 2018",20.0%,12.42,74.52
ADBL,ADBL,74.52,"Feb 28, 2019",6.0%,4.47,78.99
ADBL,ADBL,78.99,"Dec 29, 2019",6.0%,4.74,83.73
ADBL,ADBL,83.73,"Dec 30, 2020",15.0%,12.56,96.29
ADBL,ADBL,96.29,"Dec 31, 2021",20.0%,19.26,115.55
ADBL,ADBL,115.55,"Mar 14, 2023",2.0%,2.31,117.86
ADBL,ADBL,117.86,"Dec 31, 2024",3.0%,3.54,121.4
ADBL,ADBL,121.4,"Nov 06, 2025",3.25%,3.95,125.34
AHPC,AHPC,27.0,"Aug 15, 2016",10%,2.7,29.7
AHPC,AHPC,29.7,"Aug 25, 2017",10%,2.97,32.67
AHPC,AHPC,32.67,"Dec 26, 2019",7%,2.29,34.96
AHPC,AHPC,34.96,"Dec 11, 2020",5%,1.75,36.7
AHPC,AHPC,36.7,"Sep 27, 2021",10%,3.67,40.38
AHPC,AHPC,40.38,"Feb 01, 2023",8%,3.23,43.61
AHPC,AHPC,43.61,"Oct 21, 2024",3%,1.31,44.91
AHPC,AHPC,44.91,"Jan 02, 2026",5%,2.25,47.16
ALICL,ALICL,35.0,"Mar 16, 2017",20.0%,7.0,42.0
ALICL,ALICL,42.0,"May 18, 2018",4.0%,1.68,43.68
ALICL,ALICL,43.68,"Aug 01, 2021",0.0%,0.0,43.68
ALICL,ALICL,43.68,"Jan 26, 2022",25.0%,10.92,54.6
ALICL,ALICL,54.6,"Sep 20, 2022",14.5%,7.92,62.52
ALICL,ALICL,62.52,"Apr 21, 2023",8.5%,5.31,67.83
ALICL,ALICL,67.83,"Feb 20, 2024",7.75%,5.26,73.09
ALICL,ALICL,73.09,"Jul 04, 2025",5.1%,3.73,76.82
CIT,CIT,21.0,"Feb 18, 2016",35.0%,7.35,28.35
CIT,CIT,28.35,"Aug 11, 2017",21.85%,6.19,34.54
CIT,CIT,34.54,"Apr 22, 2018",22.0%,7.6,42.14
CIT,CIT,42.14,"Dec 02, 2018",22.06%,9.3,51.44
CIT,CIT,51.44,"Sep 05, 2019",22.0%,11.32,62.76
CIT,CIT,62.76,"Jun 24, 2020",22.0%,13.81,76.57
CIT,CIT,76.57,"Jun 22, 2021",9.0%,6.89,83.46
CIT,CIT,83.46,"Aug 10, 2022",30.0%,25.04,108.49
CIT,CIT,108.49,"Jul 04, 2023",25.0%,27.12,135.62
CIT,CIT,135.62,"Jul 04, 2024",14.0%,18.99,154.6
CIT,CIT,154.6,"Jan 06, 2025",7.0%,10.82,165.42
CIT,CIT,165.42,"Jan 05, 2026",5.0%,8.27,173.7
CORBL,CORBL,46.0,"Feb 22, 2023",5%,2.3,48.3
CZBIL,CZBIL,34.0,"Sep 22, 2016",15.8%,5.37,39.37
CZBIL,CZBIL,39.37,"Aug 28, 2017",16.0%,6.3,45.67
CZBIL,CZBIL,45.67,"Jan 01, 2019",3.628%,1.66,47.33
CZBIL,CZBIL,47.33,"Sep 17, 2019",3.0%,1.42,48.75
CZBIL,CZBIL,48.75,"Nov 26, 2020",8.0%,3.9,52.65
CZBIL,CZBIL,52.65,"Oct 08, 2021",12.913%,6.8,59.45
CZBIL,CZBIL,59.45,"Oct 14, 2022",0.0%,0.0,59.45
CZBIL,CZBIL,59.45,"Oct 02, 2023",0.0%,0.0,59.45
CZBIL,CZBIL,59.45,"Oct 15, 2024",4.0%,2.38,61.82
CZBIL,CZBIL,61.82,"Nov 03, 2025",5.0%,3.09,64.92
EBL,EBL,19.0,"Dec 21, 2016",70%,13.3,32.3
EBL,EBL,32.3,"Dec 28, 2017",33%,10.66,42.96
EBL,EBL,42.96,"Dec 12, 2018",0%,0.0,42.96
EBL,EBL,42.96,"Dec 20, 2019",5%,2.15,45.11
EBL,EBL,45.11,"Dec 25, 2020",5%,2.26,47.36
EBL,EBL,47.36,"Dec 03, 2021",6%,2.84,50.2
EBL,EBL,50.2,"Nov 29, 2022",13%,6.53,56.73
EBL,EBL,56.73,"Oct 03, 2023",10%,5.67,62.4
EBL,EBL,62.4,"Sep 24, 2024",10%,6.24,68.64
EBL,EBL,68.64,"Oct 10, 2025",6%,4.12,72.76
EDBL,EDBL,28.0,"Mar 29, 2016",26.0%,7.28,35.28
EDBL,EDBL,35.28,"Mar 20, 2017",25.0%,8.82,44.1
EDBL,EDBL,44.1,"Nov 21, 2017",30.12%,13.28,57.38
EDBL,EDBL,57.38,"Mar 11, 2019",0.0%,0.0,57.38
EDBL,EDBL,57.38,"Mar 20, 2020",17.1%,9.81,67.2
EDBL,EDBL,67.2,"Sep 17, 2021",12.0%,8.06,75.26
EDBL,EDBL,75.26,"Jul 12, 2022",8.5%,6.4,81.66
GBIME,GBIME,27.0,"Mar 20, 2017",16.0%,4.32,31.32
GBIME,GBIME,31.32,"Oct 25, 2017",10.0%,3.13,34.45
GBIME,GBIME,34.45,"Dec 28, 2018",16.0%,5.51,39.96
GBIME,GBIME,39.96,"Nov 07, 2019",12.75%,5.1,45.06
GBIME,GBIME,45.06,"Dec 30, 2020",14.0%,6.31,51.37
GBIME,GBIME,51.37,"Nov 29, 2021",10.0%,5.14,56.5
GBIME,GBIME,56.5,"Nov 23, 2022",3.0%,1.7,58.2
GBIME,GBIME,58.2,"Nov 29, 2023",1.0%,0.58,58.78
GBIME,GBIME,58.78,"Nov 24, 2024",5.5%,3.23,62.02
GBIME,GBIME,62.02,"Nov 02, 2025",0.0%,0.0,62.02
GMFIL,GMFIL,33.0,"Dec 22, 2016",12.0%,3.96,36.96
GMFIL,GMFIL,36.96,"Jan 03, 2018",15.8%,5.84,42.8
GMFIL,GMFIL,42.8,"Oct 26, 2018",0.0%,0.0,42.8
GMFIL,GMFIL,42.8,"Jan 07, 2020",0.0%,0.0,42.8
GMFIL,GMFIL,42.8,"Jan 05, 2021",8.0%,3.42,46.22
GMFIL,GMFIL,46.22,"Jan 06, 2022",10.0%,4.62,50.85
GMFIL,GMFIL,50.85,"Feb 03, 2023",6.5%,3.3,54.15
ICFC,ICFC,45.0,"Mar 28, 2016",10.5%,4.72,49.73
ICFC,ICFC,49.73,"Sep 29, 2016",17.0%,8.45,58.18
ICFC,ICFC,58.18,"Oct 11, 2017",10.0%,5.82,64.0
ICFC,ICFC,64.0,"Sep 12, 2018",0.0%,0.0,64.0
ICFC,ICFC,64.0,"Dec 31, 2019",5.0%,3.2,67.2
ICFC,ICFC,67.2,"Jan 03, 2021",10.5%,7.06,74.25
ICFC,ICFC,74.25,"Dec 09, 2021",10.0%,7.43,81.68
ICFC,ICFC,81.68,"Jan 03, 2023",5.0%,4.08,85.76
ICFC,ICFC,85.76,"Dec 29, 2023",0.0%,0.0,85.76
ICFC,ICFC,85.76,"Jan 01, 2025",0.0%,0.0,85.76
ICFC,ICFC,85.76,"Dec 05, 2025",0.0%,0.0,85.76
JBBL,JBBL,57.0,"Dec 29, 2016",11.7%,6.67,63.67
JBBL,JBBL,63.67,"Dec 31, 2017",10.0%,6.37,70.04
JBBL,JBBL,70.04,"Oct 15, 2018",0.0%,0.0,70.04
JBBL,JBBL,70.04,"Jan 01, 2020",12.75%,8.93,78.97
JBBL,JBBL,78.97,"Jan 13, 2021",10.0%,7.9,86.86
JBBL,JBBL,86.86,"Dec 24, 2021",11.0%,9.55,96.42
JBBL,JBBL,96.42,"Feb 12, 2023",3.0%,2.89,99.31
JFL,JFL,31.0,"Dec 28, 2016",10%,3.1,34.1
JFL,JFL,34.1,"Jan 03, 2018",18%,6.14,40.24
JFL,JFL,40.24,"Oct 02, 2018",22%,8.85,49.09
JFL,JFL,49.09,"Dec 30, 2019",22%,10.8,59.89
JFL,JFL,59.89,"Feb 07, 2022",15%,8.98,68.87
KBL,KBL,33.0,"Mar 03, 2017",21.0%,6.93,39.93
KBL,KBL,39.93,"Apr 19, 2019",8.5%,3.39,43.32
KBL,KBL,43.32,"Apr 19, 2019",12.75%,5.52,48.85
KBL,KBL,48.85,"Sep 15, 2019",10.0%,4.88,53.73
KBL,KBL,53.73,"Nov 30, 2020",10.85%,5.83,59.56
KBL,KBL,59.56,"Oct 25, 2021",6.0%,3.57,63.14
KBL,KBL,63.14,"Oct 31, 2022",0.0%,0.0,63.14
LICN,LICN,21.0,"May 12, 2016",25.0%,5.25,26.25
LICN,LICN,26.25,"May 19, 2017",24.8%,6.51,32.76
LICN,LICN,32.76,"Mar 05, 2019",12.0%,3.93,36.69
LICN,LICN,36.69,"Jul 25, 2019",34.46%,12.64,49.33
LICN,LICN,49.33,"Feb 19, 2021",10.0%,4.93,54.27
LICN,LICN,54.27,"Feb 07, 2022",20.0%,10.85,65.12
LICN,LICN,65.12,"Jun 30, 2025",10.0%,6.51,71.63
LICN,LICN,71.63,"Jan 01, 2026",0.0%,0.0,71.63
MBL,MBL,41.0,"Apr 19, 2016",16.0%,6.56,47.56
MBL,MBL,47.56,"Dec 16, 2016",20.75%,9.87,57.43
MBL,MBL,57.43,"Nov 17, 2017",9.0%,5.17,62.6
MBL,MBL,62.6,"Dec 21, 2018",0.0%,0.0,62.6
MBL,MBL,62.6,"Sep 27, 2019",5.0%,3.13,65.73
MBL,MBL,65.73,"Oct 08, 2020",7.03%,4.62,70.35
MBL,MBL,70.35,"Oct 24, 2021",13.3%,9.36,79.7
MBL,MBL,79.7,"Sep 25, 2023",13.3%,10.6,90.3
MBL,MBL,90.3,"Sep 12, 2025",4.0%,3.61,93.92
MEGA,MEGA,31.0,"Feb 28, 2017",13.25%,4.11,35.11
MEGA,MEGA,35.11,"Jun 28, 2018",10.7539%,3.78,38.88
MEGA,MEGA,38.88,"Dec 31, 2018",1.0%,0.39,39.27
MEGA,MEGA,39.27,"Oct 31, 2019",0.0%,0.0,39.27
MEGA,MEGA,39.27,"Jan 01, 2021",10.0%,3.93,43.2
MEGA,MEGA,43.2,"Nov 30, 2021",10.0%,4.32,47.52
MEGA,MEGA,47.52,"Dec 09, 2022",4.0%,1.9,49.42
MFIL,MFIL,43.0,"Dec 24, 2016",14.0%,6.02,49.02
MFIL,MFIL,49.02,"Jun 18, 2018",5.71%,2.8,51.82
MFIL,MFIL,51.82,"Dec 18, 2018",0.0%,0.0,51.82
MFIL,MFIL,51.82,"Dec 31, 2019",1.75%,0.91,52.73
MFIL,MFIL,52.73,"Dec 30, 2020",18.0%,9.49,62.22
MFIL,MFIL,62.22,"Dec 30, 2021",40.0%,24.89,87.1
MFIL,MFIL,87.1,"Dec 27, 2023",0.0%,0.0,87.1
MFIL,MFIL,87.1,"Dec 26, 2024",0.0%,0.0,87.1
MFIL,MFIL,87.1,"Oct 08, 2025",0.0%,0.0,87.1
NABIL,NABIL,18.0,"Sep 21, 2016",30.0%,5.4,23.4
NABIL,NABIL,23.4,"Sep 12, 2017",30.0%,7.02,30.42
NABIL,NABIL,30.42,"Feb 26, 2019",12.0%,3.65,34.07
NABIL,NABIL,34.07,"Dec 24, 2019",12.0%,4.09,38.16
NABIL,NABIL,38.16,"Dec 30, 2020",33.5%,12.78,50.94
NABIL,NABIL,50.94,"Dec 31, 2021",33.6%,17.12,68.06
NABIL,NABIL,68.06,"Jan 02, 2023",18.5%,12.59,80.65
NABIL,NABIL,80.65,"Dec 15, 2023",0.0%,0.0,80.65
NABIL,NABIL,80.65,"Nov 25, 2024",0.0%,0.0,80.65
NABIL,NABIL,80.65,"Dec 31, 2025",0.0%,0.0,80.65
NBB,NBB,44.0,"Oct 05, 2016",32%,14.08,58.08
NBB,NBB,58.08,"Oct 30, 2017",12%,6.97,65.05
NBB,NBB,65.05,"Dec 30, 2018",0%,0.0,65.05
NBB,NBB,65.05,"Dec 11, 2019",5%,3.25,68.3
NBB,NBB,68.3,"Dec 25, 2020",6%,4.1,72.4
NBB,NBB,72.4,"Nov 01, 2021",12%,8.69,81.09
NBB,NABIL,34.87,"Jan 02, 2023",18.5%,6.45,41.32
NBB,NABIL,41.32,"Dec 15, 2023",0.0%,0.0,41.32
NBB,NABIL,41.32,"Nov 25, 2024",0.0%,0.0,41.32
NBB,NABIL,41.32,"Dec 31, 2025",0.0%,0.0,41.32
NHPC,NHPC,91.0,"Feb 25, 2022",18.525%,16.86,107.86
NICA,NICA,20.0,"Sep 21, 2016",26%,5.2,25.2
NICA,NICA,25.2,"Sep 01, 2017",20%,5.04,30.24
NICA,NICA,30.24,"Dec 05, 2018",10%,3.02,33.26
NICA,NICA,33.26,"Sep 15, 2019",10%,3.33,36.59
NICA,NICA,36.59,"Nov 25, 2020",19%,6.95,43.54
NICA,NICA,43.54,"Oct 03, 2023",29%,12.63,56.17
NMB,NMB,35.0,"Jan 26, 2016",8.0%,2.8,37.8
NMB,NMB,37.8,"Dec 22, 2016",19.0%,7.18,44.98
NMB,NMB,44.98,"Aug 02, 2018",15.0%,6.75,51.73
NMB,NMB,51.73,"Dec 25, 2018",10.0%,5.17,56.9
NMB,NMB,56.9,"Dec 20, 2019",21.0%,11.95,68.85
NMB,NMB,68.85,"Dec 31, 2020",13.0%,8.95,77.8
NMB,NMB,77.8,"Dec 22, 2021",12.5%,9.73,87.53
NMB,NMB,87.53,"Dec 26, 2022",0.0%,0.0,87.53
NMB,NMB,87.53,"Dec 24, 2025",5.0%,4.38,91.9
PCBL,PCBL,34.0,"Jan 12, 2017",17.25%,5.86,39.86
PCBL,PCBL,39.86,"Dec 20, 2017",27.0%,10.76,50.63
PCBL,PCBL,50.63,"May 23, 2019",16.0%,8.1,58.73
PCBL,PCBL,58.73,"Dec 30, 2019",16.0%,9.4,68.13
PCBL,PCBL,68.13,"Jan 04, 2021",15.0%,10.22,78.34
PCBL,PCBL,78.34,"Dec 08, 2021",16.0%,12.54,90.88
PCBL,PCBL,90.88,"Dec 29, 2022",4.0%,3.64,94.51
PCBL,PCBL,94.51,"Nov 24, 2024",0.0%,0.0,94.51
PCBL,PCBL,94.51,"Jan 05, 2026",8.0%,7.56,102.08
PFL,PFL,48.0,"Oct 03, 2016",13.5%,6.48,54.48
PFL,PFL,54.48,"Jun 10, 2018",8.26%,4.5,58.98
PFL,PFL,58.98,"Oct 29, 2018",5.0%,2.95,61.93
PFL,PFL,61.93,"Dec 20, 2019",7.0%,4.34,66.26
PFL,PFL,66.26,"Jan 01, 2021",5.0%,3.31,69.58
PFL,PFL,69.58,"Jan 05, 2022",8.075%,5.62,75.2
PFL,PFL,75.2,"Jan 03, 2023",4.0%,3.01,78.2
PROFL,PROFL,42.0,"Jan 03, 2022",6%,2.52,44.52
SANIMA,SANIMA,34.0,"Sep 29, 2016",15%,5.1,39.1
SANIMA,SANIMA,39.1,"Sep 22, 2017",16%,6.26,45.36
SANIMA,SANIMA,45.36,"Nov 30, 2018",0%,0.0,45.36
SANIMA,SANIMA,45.36,"Sep 30, 2019",10%,4.54,49.89
SANIMA,SANIMA,49.89,"Nov 02, 2020",10%,4.99,54.88
SANIMA,SANIMA,54.88,"Oct 24, 2021",17%,9.33,64.21
SANIMA,SANIMA,64.21,"Dec 05, 2022",10%,6.42,70.63
SANIMA,SANIMA,70.63,"Oct 09, 2023",9%,6.36,76.99
SANIMA,SANIMA,76.99,"Nov 10, 2024",0%,0.0,76.99
SANIMA,SANIMA,76.99,"Oct 13, 2025",0%,0.0,76.99
SBI,SBI,22.0,"Feb 05, 2017",28.0%,6.16,28.16
SBI,SBI,28.16,"Dec 15, 2017",15.42%,4.34,32.5
SBI,SBI,32.5,"Jan 02, 2019",5.0%,1.63,34.13
SBI,SBI,34.13,"Nov 29, 2019",6.0%,2.05,36.18
SBI,SBI,36.18,"Dec 30, 2020",6.0%,2.17,38.35
SBI,SBI,38.35,"Dec 22, 2021",3.5%,1.34,39.69
SBI,SBI,39.69,"Dec 28, 2022",3.0%,1.19,40.88
SBI,SBI,40.88,"Dec 15, 2023",3.75%,1.53,42.41
SBI,SBI,42.41,"Dec 22, 2024",3.8%,1.61,44.02
SBI,SBI,44.02,"Dec 19, 2025",4.0%,1.76,45.78
