Date,Cash,Total_Portfolio_Value
1/25/2021,9963,202339
1/26/2021,9963,201793
1/27/2021,9963,202590
1/28/2021,9963,198912
1/31/2021,9963,193812
2/1/2021,9963,197617
2/2/2021,9963,200574
2/3/2021,9963,200890
2/4/2021,9963,202682
2/7/2021,6093,209938
2/8/2021,46588,169312
2/9/2021,78863,177786
2/10/2021,97983,191499
2/11/2021,113258,195176
2/14/2021,81408,241572
2/15/2021,120968,173860
2/16/2021,119368,214524
2/17/2021,93958,238387
2/18/2021,115933,192216
2/21/2021,102248,229287
2/22/2021,80873,237297
2/23/2021,48168,246588
2/24/2021,11618,251378
2/25/2021,648,222826
2/28/2021,18,205167
3/1/2021,763,209343
3/2/2021,48,205422
3/3/2021,3,202462
3/4/2021,13,208439
3/7/2021,358,204676
3/9/2021,8,204985
3/10/2021,8,203392
3/14/2021,428,198435
3/15/2021,768,198641
3/16/2021,968,202526
3/17/2021,528,209627
3/18/2021,22903,189222
3/21/2021,57843,178374
3/22/2021,83543,184831
3/23/2021,84998,209033
3/24/2021,103593,192984
3/25/2021,99018,215362
3/29/2021,96903,212944
3/30/2021,93728,214618
3/31/2021,90133,216061
4/1/2021,61698,241960
4/4/2021,29608,246938
4/5/2021,19083,224782
4/6/2021,34473,203913
4/7/2021,32123,220059
4/8/2021,11803,237008
4/12/2021,20488,207423
4/13/2021,17783,218582
4/15/2021,11178,223489
4/18/2021,12053,215505
4/19/2021,143,223823
4/20/2021,668,213736
4/21/2021,28,212084
4/22/2021,353,211036
4/25/2021,593,205146
4/26/2021,593,199593
4/27/2021,308,209167
4/28/2021,13,207563
4/29/2021,768,208928
5/2/2021,24903,189247
5/3/2021,40043,197448
5/4/2021,59048,193866
5/5/2021,59858,213193
5/6/2021,29978,244179
5/9/2021,2533,241015
5/10/2021,1783,215388
5/11/2021,8348,210017
5/12/2021,10073,214924
5/13/2021,11843,216262
5/16/2021,46913,187395
5/17/2021,80243,189975
5/18/2021,108103,196482
5/19/2021,131548,200534
5/20/2021,145718,210245
5/23/2021,158458,214038
5/24/2021,155698,229140
5/25/2021,181763,200577
5/27/2021,133218,275536
5/30/2021,88583,272247
5/31/2021,36743,277341
6/1/2021,1673,259587
6/2/2021,793,228748
6/3/2021,24588,205886
6/6/2021,59153,198526
6/7/2021,89413,203852
6/8/2021,124753,201772
6/9/2021,149693,212729
6/10/2021,149838,239270
6/13/2021,147533,244651
6/14/2021,160408,232210
6/15/2021,163203,241425
6/16/2021,136408,268740
6/17/2021,102658,276264
6/20/2021,22073,320701
6/21/2021,833,255024
6/22/2021,3293,240088
6/23/2021,938,239600
6/24/2021,908,236001
6/27/2021,923,238069
6/28/2021,7018,230784
6/29/2021,933,238190
6/30/2021,938,232988
7/1/2021,4433,231583
7/4/2021,858,237533
7/5/2021,858,231698
7/6/2021,983,230992
7/7/2021,1233,229465
7/8/2021,3488,230148
7/11/2021,57208,189966
7/12/2021,92503,204930
7/13/2021,99738,235337
7/14/2021,138933,205379
7/15/2021,170753,212771
7/18/2021,185655,233210.4
7/19/2021,194895,239990.4
7/20/2021,204228,240257.6
7/22/2021,211108,242796.1
7/25/2021,202837,258728.8
7/26/2021,194622,258397.1
7/27/2021,191182,254474.3
7/28/2021,187789.5,254651
7/29/2021,177008,262476.1
8/1/2021,132056,297048.7
8/2/2021,109494.5,274723.7
8/3/2021,99221,263246.7
8/4/2021,90700,262224.9
8/5/2021,58774,285771.3
8/8/2021,21123.5,291587.5
8/9/2021,3967,271240.4
8/10/2021,43663,221112.7
8/11/2021,34717.5,268188
8/12/2021,18349.5,277308.4
8/15/2021,2424,273342
8/16/2021,189.5,259909
8/17/2021,459.5,257701.6
8/18/2021,2455.5,259565
8/19/2021,1179.5,262038.6
8/24/2021,254,258009.4
8/25/2021,254,253397.4
8/26/2021,193.5,253283.8
8/29/2021,523.5,249481.8
8/31/2021,523.5,244603.8
9/1/2021,523.5,247157.1
9/2/2021,523.5,242021.6
9/5/2021,523.5,234366.6
9/6/2021,475.5,246112.3
9/7/2021,475.5,241357.7
9/8/2021,475.5,235294.4
9/9/2021,891.5,236001.3
9/12/2021,4686,237993.1
9/13/2021,12471.5,235533.2
9/14/2021,3546,250108.9
9/15/2021,816,240721.5
9/16/2021,816,231312.6
9/20/2021,816,218844.1
9/21/2021,816,220850.2
9/22/2021,2935,228589.8
9/23/2021,8465.5,227104.8
9/26/2021,1096,234461
9/27/2021,170.5,219341.3
9/28/2021,179.5,210361.3
9/29/2021,814.5,214968.6
9/30/2021,814.5,211462
10/3/2021,814.5,205262.2
10/4/2021,814.5,202850.6
10/5/2021,1400,206351.3
10/6/2021,1061.5,215135.5
10/10/2021,261.5,214639.6
10/11/2021,1832,209713.4
10/17/2021,2614.5,211803.4
10/18/2021,799.5,208366.9
10/19/2021,799.5,197710.5
10/20/2021,1588.5,203415.8
10/21/2021,1233.5,202486.2
10/24/2021,668.5,206401.5
10/25/2021,31043,186082.4
10/26/2021,63759,190712.2
10/27/2021,87763.5,200162.3
10/28/2021,100871,212756.9
10/31/2021,121030.5,209451.7
11/1/2021,130522,218477.9
11/2/2021,130204,228844.8
11/3/2021,130370.5,228111.7
11/8/2021,115837,242239.8
11/9/2021,44876,295323.3
11/11/2021,1370.5,263189.9
11/14/2021,1370.5,219772.5
11/15/2021,1370.5,222501.4
11/16/2021,15398.5,215537.5
11/17/2021,5311,240004.9
11/18/2021,504.5,231542.4
11/21/2021,554.5,224935.2
11/22/2021,67.5,225667.4
11/23/2021,1887.5,218978
11/24/2021,520,222859
11/25/2021,520,220781.2
11/28/2021,795,214911.5
11/29/2021,795,212883
11/30/2021,855,213264.2
12/1/2021,855,213431.1
12/2/2021,855,209909.5
12/5/2021,855,201666.1
12/6/2021,75.5,205563
12/7/2021,1005.5,200126.6
12/8/2021,1005.5,195552.6
12/9/2021,1005.5,193870.4
12/12/2021,1005.5,186093.1
12/13/2021,1005.5,179720.7
12/14/2021,1269,190931.4
12/15/2021,419.5,192232.3
12/16/2021,807.5,187449.1
12/20/2021,662.5,186550.8
12/21/2021,3870.5,188022.3
12/22/2021,45790.5,156665.3
12/23/2021,67479,176788.2
12/26/2021,79212,187711.8
12/27/2021,63526,211900.4
12/28/2021,37627,221406.5
12/29/2021,2615,229932.3
1/2/2022,4792,181624.5
1/3/2022,3936.5,186794.6
1/4/2022,7985,187722.8
1/5/2022,11206.5,187284.6
1/6/2022,13571,190353.3
1/9/2022,20178.5,192780.7
1/10/2022,24954.5,198108.5
1/11/2022,31221,202058.9
1/12/2022,41107,195635.3
1/13/2022,49289,197041.6
1/16/2022,69379,191640.2
1/17/2022,87871.5,194636.5
1/18/2022,101641.5,197933.5
1/19/2022,91450,220081.2
1/20/2022,126338.5,177227.3
1/23/2022,98915.5,238175.5
1/24/2022,18399.5,286591.4
1/25/2022,789,223051.6
1/26/2022,789,201472.9
1/27/2022,789,201557.9
1/30/2022,32851,179967.8
1/31/2022,806.5,241528.6
2/1/2022,18068.5,193984.7
2/3/2022,10351.5,218013.4
2/6/2022,1206.5,216497
2/7/2022,1497.5,206163.5
2/8/2022,37.5,207363.1
2/9/2022,37.5,204276.2
2/10/2022,37.5,203208.6
2/13/2022,37.5,197470.8
2/14/2022,37.5,197006.6
2/15/2022,37.5,199157.5
2/16/2022,37.5,198635.4
2/17/2022,37.5,198432.3
2/20/2022,37.5,195556.5
2/21/2022,402.5,197078.8
2/22/2022,832,198940.3
2/23/2022,1192,197590.6
2/24/2022,1192,193785.5
2/27/2022,1192,192831.2
2/28/2022,1192,190386.1
3/2/2022,1192,185520.7
3/6/2022,1192,186188
3/7/2022,1192,186028.8
3/9/2022,1192,183541.3
3/10/2022,187,187589.8
3/13/2022,25032.5,170517.4
3/14/2022,44145,176232.6
3/15/2022,59953.5,178810.9
3/16/2022,57230.5,195866.4
3/20/2022,55716.5,194111.4
3/21/2022,91312.5,159718
3/22/2022,114544,172435.1
3/23/2022,91091,218211.4
3/24/2022,28322.5,256703.2
3/27/2022,183.5,219599.5
3/28/2022,183.5,188888.1
3/29/2022,183.5,187575.8
3/30/2022,183.5,190637.9
3/31/2022,183.5,187916.3
4/3/2022,183.5,185314.4
4/4/2022,183.5,184032.4
4/5/2022,183.5,180727.6
4/6/2022,183.5,177882.9
4/7/2022,398.5,179768.3
4/11/2022,398.5,176297.1
4/12/2022,398.5,173239.8
4/13/2022,849.5,174560.9
4/17/2022,849.5,172326.4
4/18/2022,159.5,170354
4/19/2022,919.5,168707.2
4/20/2022,910,165956.4
4/21/2022,850,166240.5
4/24/2022,23958.5,152233.6
4/25/2022,36069.5,161500.6
4/26/2022,1477.5,206757.8
4/27/2022,632.5,173858.8
4/28/2022,272.5,171670
5/2/2022,272.5,167182.8
5/4/2022,272.5,163870.5
5/5/2022,272.5,161003.9
5/8/2022,1082.5,161948.5
5/9/2022,1082.5,162349
5/10/2022,1564,164388
5/11/2022,35766.5,135272.8
5/12/2022,39661.5,164360
5/17/2022,110,202780.4
5/18/2022,1359.5,163229.4
5/19/2022,149.5,163089.5
5/20/2022,149.5,160328.4
5/23/2022,149.5,156266.5
5/24/2022,149.5,158282.6
5/25/2022,149.5,158854.3
5/26/2022,21.5,159692.5
5/27/2022,1271.5,156773.9
5/30/2022,141.5,153703
5/31/2022,141.5,152283.4
6/1/2022,141.5,150145.3
6/2/2022,141.5,147944.6
6/3/2022,141.5,144946.1
6/6/2022,141.5,143837.3
6/7/2022,141.5,141216.8
6/8/2022,292,145713.7
6/9/2022,345.5,145670.1
6/10/2022,450.5,143886.2
6/13/2022,450.5,141805.3
6/14/2022,450.5,139326.3
6/15/2022,450.5,134909.4
6/16/2022,450.5,135204.9
6/17/2022,485.5,134357.6
6/19/2022,485.5,132264.8
6/20/2022,485.5,128593.5
6/21/2022,69.5,134002.4
6/22/2022,69.5,130766.5
6/23/2022,32.5,127805.1
6/24/2022,402.5,129926.3
6/26/2022,35564,103585.4
6/27/2022,34511.5,139762.8
6/28/2022,20033,153008.8
6/29/2022,46949,114793.4
6/30/2022,68272,124355
7/1/2022,80746.5,133013.9
7/3/2022,93671,134245.5
7/4/2022,101791.5,138669.8
7/5/2022,92656.5,155160.2
7/6/2022,93103.5,146868
7/7/2022,65075.5,174815.7
7/8/2022,8739.5,201462
7/11/2022,541,147844.3
7/12/2022,541,140657.1
7/13/2022,1936,139243.2
7/14/2022,4002.5,139451.1
7/15/2022,7969,139049
7/17/2022,27070.5,124760.6
7/18/2022,55694.5,112183.5
7/19/2022,70587,126834.8
7/20/2022,84240.5,127877.5
7/21/2022,81789.5,143458
7/22/2022,49453.5,172311.2
7/24/2022,74396,118636.2
7/25/2022,88100.5,132313.5
7/26/2022,78540,154084.6
7/27/2022,70209,153241.4
7/28/2022,64945.5,150518.2
7/29/2022,58045.5,152287.7
7/31/2022,68285.5,137669.2
8/1/2022,78562.5,137817.7
8/2/2022,88773,137412.9
8/3/2022,84927,151528.5
8/4/2022,45801.5,185501.8
8/5/2022,556,189778.8
8/7/2022,106,145752.7
8/8/2022,796,143431.7
8/9/2022,796,140800
8/10/2022,796,139303.9
8/11/2022,796,138279.2
8/14/2022,796,135935.8
8/15/2022,150,140799.6
8/16/2022,1994.5,136020.3
8/17/2022,295,139778
8/18/2022,10470,130607.6
8/21/2022,4701,146147.6
8/22/2022,3564.5,140862.4
8/23/2022,3328.5,139447.8
8/24/2022,5428.5,137109.3
8/25/2022,255,142916.3
8/26/2022,914.5,138269.7
8/28/2022,167,136618.1
8/29/2022,937.5,135505.8
8/30/2022,220.5,136616.5
8/31/2022,220.5,132910.3
9/1/2022,1031,133349.6
9/2/2022,11,134680.3
9/4/2022,90,134870
9/5/2022,140.5,134539.8
9/6/2022,140.5,132312.1
9/7/2022,140.5,131310.7
9/8/2022,185.5,131627.3
9/11/2022,185.5,130548.3
9/12/2022,185.5,129284.5
9/13/2022,909.5,130056
9/14/2022,18357.5,118097.9
9/15/2022,74.5,149387.6
9/16/2022,74.5,130189.7
9/18/2022,74.5,127174.4
9/20/2022,74.5,122649.1
9/21/2022,74.5,123580.1
9/22/2022,74.5,123618.7
9/25/2022,74.5,120958.9
9/27/2022,638.5,122017.2
9/28/2022,816,122416.2
9/29/2022,6626.5,117971.4
10/9/2022,26709,107389
10/10/2022,27987,124357.3
10/11/2022,16037.5,136947.8
10/12/2022,20007,122774.1
10/13/2022,27300,119372
10/16/2022,5925.5,146909.3
10/17/2022,1980.5,128534.8
10/19/2022,415.5,124922.2
10/20/2022,211.5,123117.8
10/23/2022,4599.5,119252.5
10/31/2022,6757,123466.5
11/1/2022,35330,102383
11/2/2022,47108.5,119862.9
11/3/2022,54213,123344
11/6/2022,66148.5,120698.8
11/7/2022,73481.5,124424.8
11/8/2022,82071,123230.8
11/9/2022,54491.5,157693.8
11/10/2022,6655.5,177124.3
11/13/2022,180,134870.7
11/14/2022,565,129877.8
11/15/2022,565,129060.9
11/16/2022,1318,129297.3
11/17/2022,25184.5,109607.2
11/22/2022,25795,132717.6
11/23/2022,36180,122136.4
11/24/2022,53537.5,116327.6
11/27/2022,65477,122581
11/28/2022,62279.5,136937.5
11/29/2022,52685,143156.4
11/30/2022,48467.5,137425.4
12/1/2022,36903,145242.2
12/4/2022,21168.5,149353.4
12/5/2022,220.5,152482.6
12/6/2022,220.5,130604.7
12/7/2022,220.5,129495.7
12/11/2022,220.5,126694.5
12/12/2022,220.5,128539.4
12/13/2022,249,128001.4
12/14/2022,301.5,127548.3
12/15/2022,301.5,129935.2
12/18/2022,301.5,127462.2
12/19/2022,301.5,127892.1
12/20/2022,301.5,128342.6
12/21/2022,243.5,127463.1
12/22/2022,338.5,126254.1
12/26/2022,20157.5,113882.9
12/27/2022,38911.5,120716.6
12/28/2022,53076.5,123957.2
12/29/2022,62757,131229.9
1/1/2023,72466,131955.5
1/2/2023,76170.5,138985
1/3/2023,79830.5,138479.5
1/4/2023,82615,141403.8
1/5/2023,84383,142655.9
1/8/2023,85046.5,144424.7
1/9/2023,87226.5,145259.8
1/10/2023,86435,147771.9
1/12/2023,70967,160597.4
1/17/2023,63707,153131.9
1/18/2023,46440,162670.1
1/19/2023,21477.5,170164.8
1/23/2023,745.5,165463.4
1/24/2023,2414,143326.9
1/25/2023,1094.5,147645.7
1/26/2023,1079.5,145666.2
1/29/2023,3700.5,141886.1
1/30/2023,512.5,145672.6
1/31/2023,512.5,140746.8
2/1/2023,512.5,141142
2/2/2023,512.5,139891
2/5/2023,512.5,139478.7
2/6/2023,512.5,138795
2/7/2023,25154,119394.6
2/8/2023,44724.5,124148.7
2/9/2023,60431.5,128654.5
2/12/2023,21108.5,181655.8
2/14/2023,71,162241.6
2/15/2023,458.5,140396.7
2/16/2023,458.5,139079.5
2/20/2023,458.5,138207.9
2/22/2023,446.5,141619.3
2/23/2023,446.5,138778.1
2/26/2023,446.5,138691.5
2/27/2023,101,138548
2/28/2023,482.5,137126.4
3/1/2023,482.5,136063.9
3/2/2023,482.5,134734
3/5/2023,482.5,133292.5
3/7/2023,472.5,134288.5
3/9/2023,21705.5,116579.5
3/12/2023,44.5,157799.7
3/13/2023,414.5,134597.4
3/14/2023,553.5,134634.1
3/15/2023,36,134004.3
3/16/2023,442.5,132583.6
3/19/2023,770.5,131955.8
3/20/2023,5.5,134402.9
3/22/2023,5.5,132567.2
3/23/2023,160,129219.4
3/26/2023,292.5,127559.9
3/27/2023,107.5,129747
3/28/2023,391,129569.9
3/29/2023,5313,124947.3
3/30/2023,141,134150.9
4/2/2023,141,127351.2
4/3/2023,141,125876.4
4/4/2023,9,125935.8
4/5/2023,9,126001
4/6/2023,9,125537.8
4/9/2023,9,122919.6
4/10/2023,174,122683.3
4/11/2023,519.5,124894.6
4/12/2023,24332.5,109457.7
4/13/2023,37396,118195.8
4/16/2023,49079.5,119135.9
4/17/2023,45860.5,133335.7
4/18/2023,19488,156479.9
4/19/2023,21703.5,129048.3
4/20/2023,4010.5,148480.3
4/23/2023,147.5,132910.8
4/24/2023,147.5,129179.4
4/25/2023,1064,129701.3
4/26/2023,119.5,130329.5
4/27/2023,1290.5,128324.6
4/30/2023,125.5,129163.7
5/2/2023,836,127286.2
5/3/2023,341,128205.5
5/4/2023,436.5,128435.5
5/7/2023,436.5,127019.3
5/8/2023,436.5,126005.7
5/9/2023,538,126842
5/10/2023,48,126887.5
5/11/2023,54.5,126390
5/14/2023,54.5,124657.2
5/15/2023,54.5,124852.1
5/16/2023,815,124351.4
5/17/2023,2458.5,125395.7
5/18/2023,29699.5,102189.9
5/21/2023,47103,112273.7
5/22/2023,60809,116084.2
5/23/2023,72379,119660.9
5/24/2023,80205,123380.7
5/28/2023,85636.5,125278.6
5/30/2023,50552.5,164749.1
5/31/2023,723,178016.4
6/1/2023,135.5,130043.2
6/4/2023,17405.5,115943.2
6/5/2023,836,148539
6/6/2023,15085.5,119002
6/7/2023,20747,128089.1
6/8/2023,23323.5,131447.9
6/11/2023,34705.5,124594.1
6/12/2023,48479,122616.3
6/13/2023,62431,123150.9
6/14/2023,75929.5,124033.6
6/15/2023,82451.5,130870.4
6/18/2023,87317,132879.9
6/19/2023,79137.5,145914.8
6/20/2023,71964,144361.7
6/21/2023,43966,164462.4
6/22/2023,7165.5,172346.4
6/25/2023,11944.5,134398.1
6/26/2023,9619.5,141841.7
6/27/2023,18564,134337.8
6/28/2023,14863,144501.4
7/2/2023,729.5,151943.4
7/3/2023,225,136872.8
7/4/2023,46,135916.7
7/5/2023,261,132831
7/6/2023,629.5,132636.5
7/9/2023,809.5,133037.1
7/10/2023,809.5,132298.4
7/11/2023,841.5,132590
7/12/2023,1992.5,137309.3
7/13/2023,488.5,138112.9
7/16/2023,11793.5,125387.8
7/17/2023,35568.5,115443.1
7/18/2023,42359,132485.3
7/19/2023,34126,147367
7/20/2023,19527.5,153611.4
7/23/2023,33139,127736.1
7/24/2023,25263.5,147941.3
7/25/2023,3906.5,160773.2
7/26/2023,3014.5,140376.9
7/27/2023,2669,136825
7/30/2023,210,136693.7
7/31/2023,210,133958.1
8/1/2023,210,130560.8
8/2/2023,210,130575.1
8/3/2023,210,130818.7
8/6/2023,399.5,128257.3
8/7/2023,559.5,128916.8
8/8/2023,559.5,126987.3
8/9/2023,7456,124766.8
8/10/2023,1373,138439.8
8/13/2023,304,132538.6
8/14/2023,287.5,130595.7
8/15/2023,287.5,127935.8
8/16/2023,287.5,126782.4
8/17/2023,497.5,127123.7
8/20/2023,1422.5,124231.9
8/21/2023,118.5,124779.6
8/22/2023,1253.5,123620.3
8/23/2023,15147,114817.4
8/24/2023,451,140740.5
8/27/2023,451,124273.9
8/28/2023,160,125111.2
8/29/2023,154,124217.5
8/30/2023,466.5,123450.2
9/3/2023,466.5,121655.2
9/4/2023,466.5,121631.3
9/5/2023,466.5,120921.5
9/7/2023,466.5,118460.6
9/10/2023,29.5,119767.8
9/11/2023,11740,111632
9/12/2023,1757,130899.9
9/13/2023,26131.5,100745
9/17/2023,2164.5,146111.1
9/18/2023,2715,122433.7
9/19/2023,14274,114872.2
9/21/2023,31433,114593
9/24/2023,31740.5,129999
9/25/2023,9613,152044.9
9/26/2023,60.5,140657.9
9/27/2023,983.5,128773.6
10/1/2023,867.5,127713.1
10/2/2023,933.5,127660.3
10/3/2023,297.5,121424.1
10/4/2023,1186,119933.5
10/5/2023,53,121264.7
10/8/2023,53,117439.6
10/9/2023,70.5,115613.1
10/10/2023,70.5,114326.1
10/11/2023,260.5,114518.3
10/12/2023,260.5,112859.9
10/16/2023,260.5,111833.4
10/17/2023,425.5,112668.6
10/18/2023,1119.5,115359.6
10/19/2023,22159,95353.5
10/29/2023,6595,130165.8
10/30/2023,9290.5,112652.5
10/31/2023,143,123010.8
11/1/2023,82.5,113814.4
11/2/2023,82.5,112290.4
11/5/2023,82.5,110600.5
11/6/2023,155.5,111923.6
11/7/2023,4019.5,108637.4
11/8/2023,241.5,115948.5
11/9/2023,547,111125.9
11/20/2023,2653,109674.5
11/21/2023,1886,110712.9
11/22/2023,1225.5,111987.7
11/23/2023,9944.5,104259.9
11/26/2023,25312,100526
11/27/2023,42881.5,97436.8
11/28/2023,48714.5,108885
11/29/2023,44692.5,118169.5
11/30/2023,17604.5,140345.5
12/3/2023,120,130526.9
12/4/2023,343,112896.1
12/5/2023,300,112789.5
12/6/2023,25.5,112878.7
12/7/2023,12,113582.8
12/10/2023,33146.5,87982.3
12/11/2023,51589.5,101948
12/12/2023,63844,109168.9
12/13/2023,73872,111743.7
12/14/2023,81669,114593.9
12/17/2023,80741.5,124169.2
12/18/2023,84020,120300.7
12/19/2023,89981,118324.1
12/20/2023,94895.5,119766.6
12/21/2023,91079.5,127955.8
12/24/2023,74364,140469.6
12/27/2023,31785,165728
12/28/2023,45,154466.5
1/1/2024,45,121851.3
1/2/2024,45,119755.1
1/3/2024,757.5,120686.9
1/4/2024,931.5,120639
1/7/2024,325,120614.1
1/8/2024,527,122196.1
1/9/2024,7531.5,118132.3
1/10/2024,15453.5,117946.9
1/11/2024,20332,120505.8
1/14/2024,37793,109589.6
1/16/2024,57329,109386.6
1/17/2024,70990,114835.8
1/18/2024,70264.5,129255.5
1/21/2024,34921,162919.8
1/22/2024,597,160491
1/23/2024,597,125466.6
1/24/2024,597,124910.6
1/25/2024,58.5,125502.3
1/28/2024,58.5,125758.5
1/29/2024,256.5,126058.7
1/30/2024,203.5,126652.9
1/31/2024,588,124837
2/1/2024,588,124057.5
2/4/2024,259,124299.5
2/5/2024,938,124052.4
2/6/2024,134.5,126111.3
2/7/2024,15286.5,110483
2/8/2024,1458,139887.4
2/11/2024,2719,124192.9
2/12/2024,4939,123861.2
2/13/2024,567.5,129042.7
2/14/2024,935,124998.3
2/15/2024,195.5,125192.3
2/18/2024,470.5,123031.7
2/20/2024,20,122852.9
2/21/2024,208.5,121947.5
2/22/2024,208.5,120872
2/25/2024,208.5,119130.1
2/26/2024,408.5,119410
2/27/2024,408.5,119833.6
2/28/2024,408.5,119127.6
2/29/2024,408.5,117510.2
3/3/2024,408.5,116498
3/4/2024,27831,96621.5
3/5/2024,13627.5,135411.4
3/6/2024,18558,116662.1
3/7/2024,19149,121397.2
3/10/2024,45990.5,95904.9
3/12/2024,60806.5,110326.7
3/13/2024,68337.5,117320.7
3/14/2024,70954,121805.9
3/17/2024,63252,131842.8
3/18/2024,42890,144631.2
3/19/2024,20534.5,146718.1
3/20/2024,160,144244.6
3/21/2024,160,123094.6
3/25/2024,160,121961.6
3/26/2024,730.5,122968.2
3/27/2024,560.5,122977.8
3/28/2024,127.5,123728.6
3/31/2024,260.5,122441.2
4/1/2024,185.5,122006.8
4/2/2024,185.5,121678.6
4/3/2024,185.5,121252.8
4/4/2024,75.5,120917
4/7/2024,7668,114434.1
4/9/2024,24884,105634.3
4/10/2024,4296.5,143773.9
4/14/2024,8701.5,118807.8
4/15/2024,231,130508.4
4/16/2024,134,121416.3
4/18/2024,558,120919.7
4/21/2024,1009.5,121685.9
4/22/2024,1138,120596.2
4/24/2024,288,120672.1
4/25/2024,628,118748.3
4/28/2024,725,119965.7
4/29/2024,1723,118970.6
4/30/2024,2445.5,121585
5/2/2024,5793,117751.7
5/5/2024,97,124882.3
5/6/2024,22.5,118713.1
5/7/2024,22.5,118279.1
5/8/2024,22.5,117473.9
5/9/2024,22.5,117513.9
5/12/2024,992.5,117000.7
5/13/2024,9019,111877
5/14/2024,11210,120106.3
5/15/2024,10233.5,121947
5/16/2024,2203,128182.6
5/19/2024,10668,113973.1
5/20/2024,16200,118246.2
5/21/2024,30827.5,110900.8
5/22/2024,39284,116804.3
5/26/2024,29250.5,134378.1
5/27/2024,16338.5,137791
5/29/2024,666,139320.1
5/30/2024,503,123489.2
6/2/2024,593.5,123699.7
6/3/2024,741.5,123294.6
6/4/2024,324.5,123497.2
6/5/2024,324.5,122535
6/6/2024,324.5,121672.9
6/9/2024,639.5,120674.4
6/10/2024,881,122905.1
6/11/2024,18963,108567.4
6/12/2024,34022,111083.8
6/13/2024,44930,115458.9
6/16/2024,27687.5,143872.3
6/18/2024,3670,150360.9
6/19/2024,458,130025
6/20/2024,746.5,125352.4
6/23/2024,342,125435.2
6/24/2024,310,125452.9
6/25/2024,2413.5,123617.6
6/26/2024,338.5,126594.3
6/27/2024,338.5,123973.5
6/30/2024,337.5,123028.2
7/1/2024,870.5,123440.2
7/2/2024,29510,98734.1
7/3/2024,44907.5,112590.7
7/4/2024,45076.5,128273.1
7/7/2024,43485.5,130455.6
7/8/2024,39952.5,131535.1
7/9/2024,31857,136286
7/10/2024,22094.5,138450.6
7/11/2024,13075,138610.9
7/14/2024,7027,137189.6
7/15/2024,6492.5,131879.3
7/16/2024,21451.5,120553.9
7/17/2024,36583,122751.2
7/18/2024,51752,124016.7
7/21/2024,65716,127496
7/22/2024,81655.5,125491.5
7/23/2024,98195.5,127131.2
7/24/2024,114485.5,126826.9
7/25/2024,116660.5,140947.6
7/28/2024,118846,142173.3
7/29/2024,117228.5,145517.8
7/30/2024,114443.5,147204.4
7/31/2024,117387,142482.6
8/1/2024,113989.5,148882.6
8/5/2024,106414.5,153060.6
8/6/2024,61873.5,187772.8
8/7/2024,72152.5,135928.2
8/8/2024,48078,170071.7
8/11/2024,48541.5,149487.2
8/12/2024,71082.5,130711.4
8/13/2024,83912.5,140650.8
8/14/2024,99728,139465.3
8/15/2024,113992,142822.1
8/18/2024,120828.5,150117.8
8/21/2024,123388.5,154481.3
8/22/2024,125288.5,155891.9
8/25/2024,105547,176797.7
8/27/2024,48582.5,211658
8/28/2024,50,203399
8/29/2024,50,153234
9/1/2024,970,149798.4
9/2/2024,76,159506.6
9/3/2024,166.5,158272.1
9/4/2024,166.5,153096.1
9/5/2024,166.5,151639.7
9/8/2024,166.5,149570.7
9/9/2024,166.5,146491.5
9/10/2024,166.5,145680.1
9/11/2024,166.5,143885.7
9/12/2024,2030,146880.2
9/15/2024,985,147212.6
9/16/2024,226,143519.3
9/18/2024,1180.5,141474.6
9/22/2024,3105,140975.8
9/23/2024,406.5,141912.6
9/24/2024,406.5,135455.5
9/25/2024,2514.5,136104.9
9/26/2024,2334.5,136687.1
9/29/2024,871.5,136092.7
9/30/2024,680.5,136906.3
10/1/2024,36870,109168.7
10/2/2024,63920.5,117057
10/6/2024,75663,134371.5
10/7/2024,96450.5,126562.1
10/8/2024,111090,132386
10/9/2024,105489,152560.9
10/15/2024,99780,153038.5
10/16/2024,111725.5,135947.7
10/17/2024,117335.5,142218.3
10/20/2024,85145.5,179386.9
10/21/2024,18759,212446.6
10/22/2024,3412,162417.9
10/23/2024,482,149817.4
10/24/2024,1169,145313.1
10/27/2024,131.5,136926
10/28/2024,171.5,138332.6
10/29/2024,3976.5,136343.8
10/30/2024,267.5,142472.7
11/5/2024,286.5,138228.2
11/6/2024,1642.5,136450.1
11/10/2024,18165.5,123375.3
11/11/2024,32399.5,127198.8
11/12/2024,26908.5,147139.2
11/13/2024,29101.5,138779.6
11/14/2024,16130.5,154093.7
11/17/2024,3730.5,153543.9
11/19/2024,513,142219.9
11/20/2024,1192,138950.8
11/21/2024,136.5,138760.7
11/24/2024,136.5,136732.5
11/25/2024,136.5,136948.9
11/26/2024,112,138161.9
11/27/2024,13076,128930.9
11/28/2024,9476.5,146705.5
12/1/2024,2281,149317.4
12/2/2024,2380.5,142570.6
12/3/2024,2527.5,143133.5
12/4/2024,766.5,144443.9
12/5/2024,733,141456.4
12/8/2024,733,138799
12/9/2024,733,137193.3
12/10/2024,733,136156.3
12/11/2024,3395.5,136968
12/12/2024,175,140978.3
12/16/2024,1424,133530.3
12/17/2024,154,135905.6
12/18/2024,154,134477.9
12/19/2024,154,132749.7
12/22/2024,154,131549.1
12/23/2024,88.5,132406.2
12/24/2024,120,133639.6
12/26/2024,1729,131612.2
12/29/2024,715.5,132276.2
12/31/2024,166.5,129262.2
1/1/2025,158.5,129390.4
1/2/2025,138.5,129975
1/5/2025,235.5,129565.1
1/6/2025,1617.5,130450.9
1/7/2025,2617.5,131220.4
1/8/2025,1452,134317.3
1/9/2025,784.5,132598.1
1/12/2025,784.5,130397.5
1/13/2025,784.5,129686.9
1/15/2025,784.5,129207.8
1/16/2025,784.5,128219.9
1/19/2025,1769,128220.2
1/20/2025,323,129312.4
1/21/2025,313,127369.1
1/22/2025,3537.5,126008.1
1/23/2025,2462.5,130131.3
1/26/2025,575,129642.4
1/27/2025,575,127446.8
1/28/2025,156,128311.1
2/2/2025,22239.5,108884.2
2/3/2025,25724,128239.9
2/4/2025,22649,135710.2
2/5/2025,29831.5,125966.7
2/6/2025,22207.5,139997.6
2/9/2025,5609,148564.5
2/10/2025,637.5,137040.1
2/11/2025,1185,131768
2/12/2025,720.5,132745.5
2/13/2025,710.5,131939.1
2/16/2025,5532.5,127467.7
2/17/2025,8912.5,130373.3
2/18/2025,11203,132182.6
2/20/2025,2140,142997.7
2/23/2025,1959,133377.1
2/24/2025,1509,133599.6
2/25/2025,170,134490.1
2/27/2025,3485,132300.5
3/2/2025,27495,115512.8
3/3/2025,41640.5,123782.4
3/4/2025,41847,137591.8
3/5/2025,22134,157256.2
3/6/2025,3694,155453.6
3/9/2025,519,137429
3/10/2025,556.5,133280.4
3/11/2025,426.5,133126
3/12/2025,301,132865.6
3/16/2025,301,131010.1
3/17/2025,301,129970.9
3/18/2025,301,129375.7
3/19/2025,301,128138.4
3/20/2025,301,127288.04
3/23/2025,301,124156
3/24/2025,301,125851.33
3/25/2025,301,122204.55
3/26/2025,301,124111.29
3/27/2025,1372.1,124791.5
3/30/2025,18328.35,111685.16
4/1/2025,3206.95,142185.17
4/2/2025,4699.1,125894.43
4/3/2025,4333.9,127217.8
4/7/2025,3201.05,126645.38
4/8/2025,69.1,128258.68
4/9/2025,239.6,125425.14
4/10/2025,176.65,125689.38
4/13/2025,2025.2,123055.32
4/15/2025,2607.6,126846.35
4/16/2025,4380.05,126985.7
4/17/2025,14257,119423.89
4/20/2025,1128.55,140694.72
4/21/2025,1189.8,126359.84
4/22/2025,781,126614.96
4/23/2025,781,124597.27
4/24/2025,781,123926.95
4/27/2025,781,123280.17
4/28/2025,124.2,123406.84
4/29/2025,124.2,121770.1
4/30/2025,238.85,121101.19
5/4/2025,238.85,120525.65
5/5/2025,238.85,119234.99
5/6/2025,390.65,118550.84
5/7/2025,12060.7,111413.84
5/8/2025,14991.7,121824.64
5/11/2025,15286.6,125027.49
5/13/2025,9035.25,132625.84
5/14/2025,1050.5,133891.02
5/15/2025,593.7,125383.09
5/18/2025,593.7,123514.83
5/19/2025,257.9,124993.64
5/20/2025,20526.6,106727.83
5/21/2025,18033.3,128878.06
5/22/2025,3331.55,140905.73
5/25/2025,5208.4,123634.46
5/26/2025,4535.6,125687.65
5/27/2025,286.2,129076.18
5/28/2025,4943.5,121719.31
6/2/2025,2383.65,128530.46
6/3/2025,111.25,126476.7
6/4/2025,519.2,122992.22
6/5/2025,579.65,117003.92
6/8/2025,977.9,117974.2
6/9/2025,152.85,119470.08
6/10/2025,682.45,119807.29
6/11/2025,265.05,120595.43
6/12/2025,17.3,121084.54
6/15/2025,110.75,122537.63
6/16/2025,618.35,122495.18
6/17/2025,937.15,122148.45
6/18/2025,180.6,124075.76
6/19/2025,310.25,122793.28
6/22/2025,885.95,121079.96
6/23/2025,803.35,122468.6
6/24/2025,130.3,122770.19
6/25/2025,707.4,121534.72
6/26/2025,1628.8,121595.66
6/29/2025,4630,121365.6
6/30/2025,9684.25,119396.8
7/1/2025,18282.7,117397.23
7/2/2025,29807.6,115674.33
7/3/2025,42119.75,115807.98
7/6/2025,42790.9,126903.73
7/7/2025,31941.2,137356.69
7/8/2025,12269.8,146283.47
7/9/2025,11693.75,128167.08
7/10/2025,28.6,139415
7/13/2025,4705.1,123237.07
7/14/2025,256.8,131973.11
7/15/2025,2723,126554.77
7/16/2025,2773.6,128986.12
7/17/2025,14825.6,121463.86
7/20/2025,26924.75,120893.67
7/21/2025,37484.4,121966.86
7/22/2025,42511.95,129672.08
7/23/2025,44163.65,133789.8
7/24/2025,43837.35,135705.51
7/27/2025,43501.5,134596.39
7/28/2025,30694.3,146945.87
7/29/2025,29353.8,135471.47
7/30/2025,148.5,161676.87
7/31/2025,484.6,130743.14
8/3/2025,484.6,128340.83
8/4/2025,484.6,128471.49
8/5/2025,484.6,125954.69
8/6/2025,484.6,125113.41
8/7/2025,381.6,129479.75
8/11/2025,888,127485.1
8/12/2025,888,125990.94
8/13/2025,265.6,126701.56
8/14/2025,146.45,126303.77
8/17/2025,645,124218.29
8/18/2025,437.05,125444.47
8/19/2025,1528.85,124196.29
8/20/2025,1381.15,125092.09
8/21/2025,355.6,124936.02
8/24/2025,355.6,122419.28
8/25/2025,206.35,122630.71
8/26/2025,206.35,122219.17
8/27/2025,17384.6,107784.08
8/28/2025,1560.85,139424.92
8/31/2025,124.4,123103.13
9/1/2025,480.75,121093.09
9/2/2025,480.75,120382.63
9/3/2025,480.75,119023.75
9/4/2025,480.75,118347.13
9/7/2025,480.75,117400.54
9/8/2025,480.75,114807.86
9/18/2025,480.75,108712.15
9/21/2025,437.4,116720.1
9/23/2025,1122.4,119960.6
9/24/2025,224.4,119546.4
9/25/2025,660.9,117688.4
9/28/2025,9612.4,110475.6
10/7/2025,1081.9,125550.9
10/8/2025,466.9,114449.3
10/9/2025,213.9,115751.4
10/12/2025,213.9,111557.6
10/13/2025,630.9,112714.2
10/14/2025,87.4,112122
10/15/2025,87.4,110575.3
10/16/2025,277.4,109839.5
10/19/2025,249.4,111704
10/26/2025,424.4,111116.4
10/28/2025,21707.4,94840.4
10/29/2025,13409.9,125263
10/30/2025,33535.4,98762.9
11/2/2025,44961.9,108505.9
11/3/2025,61589.9,102869.1
11/4/2025,58783.4,121903.1
11/5/2025,48759.4,129172.3
11/6/2025,33507.4,134143.1
11/9/2025,706.4,150618.6
11/10/2025,890.9,117099.4
11/11/2025,566.9,117958
11/12/2025,566.9,117098
11/13/2025,385.4,117640.4
11/16/2025,170.4,117255
11/17/2025,560.4,117417.9
11/18/2025,591.4,118766.1
11/19/2025,280.9,118509.1
11/20/2025,40.4,118131.2
11/23/2025,22344.4,97944.8
11/24/2025,42286.4,101693
11/25/2025,59629.9,104295.3
11/26/2025,74161.4,107293
11/27/2025,73057.9,123243.1
11/30/2025,58621.4,135966.1
12/1/2025,42562.9,137917.8
12/2/2025,16543.4,147585
12/3/2025,2468.9,134866.8
12/7/2025,64.9,122321.3
12/8/2025,64.9,119818.9
12/9/2025,64.9,119728.1
12/10/2025,64.9,119232
12/11/2025,616.9,118363.8
12/14/2025,1276.9,117452
12/15/2025,56.9,119388.7
12/16/2025,2679.4,117141.6
12/17/2025,13059.9,109625.2
12/18/2025,144.4,131914
12/21/2025,143.4,118171.2
12/22/2025,82.4,117789.7
12/23/2025,74.4,117853.7
12/24/2025,36.9,118070.4
12/28/2025,15958.9,105270.2
12/29/2025,25694.9,111009.1
12/31/2025,34075.4,112597.8
1/1/2026,11842.9,142325.7
1/4/2026,660.4,130590.1
1/5/2026,3353.9,118246.9
1/6/2026,7200.9,117668.8
1/7/2026,455.9,127441.1
1/8/2026,3110.9,119105.8
1/12/2026,692.4,123277.8
1/13/2026,1200.9,121228.8
1/14/2026,258.9,122884.7
1/18/2026,14189.4,109595
1/20/2026,27348.9,111901.3
1/21/2026,52220.4,99771.7
1/22/2026,67124.9,110159.3
1/25/2026,83282.9,110073.3
