Date,Stock,Action,Price,Quantity,Amount,Remaining_Cash,Total_Shares
4/7/2021,ADBL,BUY,437,10,4370,195630,10
4/8/2021,ADBL,BUY,437,10,4370,191260,20
4/12/2021,ADBL,BUY,437,10,4370,186890,30
4/13/2021,ADBL,SELL,445,10,4450,191340,20
4/15/2021,ADBL,SELL,448,10,4480,195820,10
4/18/2021,ADBL,BUY,441,10,4410,191410,20
4/19/2021,ADBL,BUY,433,10,4330,187080,30
4/20/2021,ADBL,BUY,430,10,4300,182780,40
4/21/2021,ADBL,BUY,429,10,4290,178490,50
4/22/2021,ADBL,BUY,428,10,4280,174210,60
4/25/2021,ADBL,BUY,419,10,4190,170020,70
4/26/2021,ADBL,BUY,412,10,4120,165900,80
4/27/2021,ADBL,BUY,416,10,4160,161740,90
4/28/2021,ADBL,BUY,415,10,4150,157590,100
4/29/2021,ADBL,BUY,419,10,4190,153400,110
5/2/2021,ADBL,BUY,424,10,4240,149160,120
5/3/2021,ADBL,BUY,418,10,4180,144980,130
5/4/2021,ADBL,BUY,417,10,4170,140810,140
5/5/2021,ADBL,BUY,417,10,4170,136640,150
5/6/2021,ADBL,BUY,417,10,4170,132470,160
5/9/2021,ADBL,BUY,419,10,4190,128280,170
5/10/2021,ADBL,BUY,420,10,4200,124080,180
5/11/2021,ADBL,BUY,421,10,4210,119870,190
5/12/2021,ADBL,BUY,419,10,4190,115680,200
5/13/2021,ADBL,BUY,419,10,4190,111490,210
5/16/2021,ADBL,BUY,425,10,4250,107240,220
5/17/2021,ADBL,SELL,428,10,4280,111520,210
5/18/2021,ADBL,SELL,433,10,4330,115850,200
5/19/2021,ADBL,SELL,435,10,4350,120200,190
5/20/2021,ADBL,SELL,437,10,4370,124570,180
5/23/2021,ADBL,SELL,445,10,4450,129020,170
5/24/2021,ADBL,SELL,452,10,4520,133540,160
5/25/2021,ADBL,SELL,446,10,4460,138000,150
5/27/2021,ADBL,SELL,444,10,4440,142440,140
5/30/2021,ADBL,SELL,448,10,4480,146920,130
5/31/2021,ADBL,SELL,442,10,4420,151340,120
6/1/2021,ADBL,SELL,437,10,4370,155710,110
6/2/2021,ADBL,SELL,440,10,4400,160110,100
6/3/2021,ADBL,SELL,450,10,4500,164610,90
6/6/2021,ADBL,SELL,466,10,4660,169270,80
6/7/2021,ADBL,SELL,458,10,4580,173850,70
6/8/2021,ADBL,SELL,463,10,4630,178480,60
6/9/2021,ADBL,SELL,462,10,4620,183100,50
6/10/2021,ADBL,SELL,457,10,4570,187670,40
6/13/2021,ADBL,SELL,461,10,4610,192280,30
6/14/2021,ADBL,SELL,478,10,4780,197060,20
6/15/2021,ADBL,SELL,487,10,4870,201930,10
6/16/2021,ADBL,SELL,492,10,4920,206850,0
9/5/2021,ADBL,BUY,529,10,5290,201560,10
9/6/2021,ADBL,SELL,555,10,5550,207110,0
9/8/2021,ADBL,BUY,535,10,5350,201760,10
9/9/2021,ADBL,BUY,535.3,10,5353,196407,20
9/12/2021,ADBL,BUY,539,10,5390,191017,30
9/13/2021,ADBL,SELL,546,10,5460,196477,20
9/14/2021,ADBL,SELL,547,10,5470,201947,10
9/15/2021,ADBL,BUY,536,10,5360,196587,20
9/16/2021,ADBL,BUY,520.2,10,5202,191385,30
9/20/2021,ADBL,BUY,507.9,10,5079,186306,40
9/21/2021,ADBL,BUY,507,10,5070,181236,50
9/22/2021,ADBL,BUY,529,10,5290,175946,60
9/23/2021,ADBL,BUY,545,10,5450,170496,70
9/26/2021,ADBL,BUY,540,10,5400,165096,80
9/27/2021,ADBL,BUY,523,10,5230,159866,90
9/28/2021,ADBL,BUY,509,10,5090,154776,100
9/29/2021,ADBL,BUY,512,10,5120,149656,110
9/30/2021,ADBL,BUY,508,10,5080,144576,120
10/3/2021,ADBL,BUY,498,10,4980,139596,130
10/4/2021,ADBL,BUY,497,10,4970,134626,140
10/5/2021,ADBL,BUY,504,10,5040,129586,150
10/6/2021,ADBL,BUY,506,10,5060,124526,160
10/10/2021,ADBL,BUY,509.5,10,5095,119431,170
10/11/2021,ADBL,BUY,509,10,5090,114341,180
10/17/2021,ADBL,BUY,507.9,10,5079,109262,190
10/18/2021,ADBL,BUY,496,10,4960,104302,200
10/19/2021,ADBL,BUY,493,10,4930,99372,210
10/20/2021,ADBL,BUY,503.8,10,5038,94334,220
10/21/2021,ADBL,BUY,500.2,10,5002,89332,230
10/24/2021,ADBL,BUY,503,10,5030,84302,240
10/25/2021,ADBL,BUY,512,10,5120,79182,250
10/26/2021,ADBL,BUY,525,10,5250,73932,260
10/27/2021,ADBL,SELL,551,10,5510,79442,250
10/28/2021,ADBL,SELL,538,10,5380,84822,240
10/31/2021,ADBL,BUY,532,10,5320,79502,250
11/1/2021,ADBL,BUY,521,10,5210,74292,260
11/2/2021,ADBL,BUY,528.5,10,5285,69007,270
11/3/2021,ADBL,SELL,542.9,10,5429,74436,260
11/8/2021,ADBL,BUY,528,10,5280,69156,270
11/9/2021,ADBL,BUY,515,10,5150,64006,280
11/11/2021,ADBL,BUY,507,10,5070,58936,290
11/14/2021,ADBL,BUY,508.9,10,5089,53847,300
11/15/2021,ADBL,BUY,506.5,10,5065,48782,310
11/16/2021,ADBL,BUY,508,10,5080,43702,320
11/17/2021,ADBL,BUY,512.9,10,5129,38573,330
11/18/2021,ADBL,BUY,508.2,10,5082,33491,340
11/21/2021,ADBL,BUY,504,10,5040,28451,350
11/22/2021,ADBL,BUY,504.2,10,5042,23409,360
11/23/2021,ADBL,BUY,497.1,10,4971,18438,370
11/24/2021,ADBL,BUY,495.9,10,4959,13479,380
11/25/2021,ADBL,BUY,495,10,4950,8529,390
11/28/2021,ADBL,BUY,476,10,4760,3769,400
12/23/2021,ADBL,SELL,496,10,4960,8729,390
12/26/2021,ADBL,SELL,500,10,5000,13729,380
12/27/2021,ADBL,SELL,493,10,4930,18659,370
12/28/2021,ADBL,SELL,494,10,4940,23599,360
12/29/2021,ADBL,SELL,492,10,4920,28519,350
1/2/2022,ADBL,BUY,411,10,4110,24409,360
1/3/2022,ADBL,BUY,415,10,4150,20259,370
1/4/2022,ADBL,BUY,422,10,4220,16039,380
1/5/2022,ADBL,BUY,419,10,4190,11849,390
1/6/2022,ADBL,BUY,421,10,4210,7639,400
1/9/2022,ADBL,BUY,431,10,4310,3329,410
5/11/2022,ADBL,SELL,384,10,3840,7169,400
5/12/2022,ADBL,BUY,379.9,10,3799,3370,410
6/7/2022,ADBL,BUY,328.9,10,3289,81,420
7/25/2022,ADBL,SELL,331.9,10,3319,3400,410
7/26/2022,ADBL,BUY,327.9,10,3279,121,420
7/27/2022,ADBL,SELL,329,10,3290,3411,410
7/28/2022,ADBL,SELL,329.2,10,3292,6703,400
7/29/2022,ADBL,SELL,329,10,3290,9993,390
7/31/2022,ADBL,SELL,334.9,10,3349,13342,380
8/1/2022,ADBL,SELL,337,10,3370,16712,370
8/2/2022,ADBL,SELL,335,10,3350,20062,360
8/3/2022,ADBL,SELL,331.9,10,3319,23381,350
8/4/2022,ADBL,SELL,327.2,10,3272,26653,340
8/5/2022,ADBL,SELL,326,10,3260,29913,330
8/7/2022,ADBL,BUY,324,10,3240,26673,340
8/8/2022,ADBL,BUY,324,10,3240,23433,350
8/9/2022,ADBL,BUY,320,10,3200,20233,360
8/10/2022,ADBL,BUY,319,10,3190,17043,370
8/11/2022,ADBL,BUY,319.9,10,3199,13844,380
8/14/2022,ADBL,BUY,317.1,10,3171,10673,390
8/15/2022,ADBL,SELL,325,10,3250,13923,380
8/16/2022,ADBL,BUY,322.9,10,3229,10694,390
8/17/2022,ADBL,BUY,320,10,3200,7494,400
8/18/2022,ADBL,BUY,323,10,3230,4264,410
8/21/2022,ADBL,SELL,330,10,3300,7564,400
8/22/2022,ADBL,SELL,328,10,3280,10844,390
8/23/2022,ADBL,SELL,328.5,10,3285,14129,380
8/24/2022,ADBL,SELL,330.5,10,3305,17434,370
8/25/2022,ADBL,SELL,330,10,3300,20734,360
8/26/2022,ADBL,BUY,325.6,10,3256,17478,370
8/28/2022,ADBL,BUY,322.5,10,3225,14253,380
8/29/2022,ADBL,BUY,321.9,10,3219,11034,390
8/30/2022,ADBL,BUY,322.1,10,3221,7813,400
8/31/2022,ADBL,BUY,320.7,10,3207,4606,410
9/1/2022,ADBL,BUY,321,10,3210,1396,420
11/1/2022,ADBL,SELL,324,10,3240,4636,410
11/2/2022,ADBL,SELL,324,10,3240,7876,400
11/3/2022,ADBL,SELL,319,10,3190,11066,390
11/6/2022,ADBL,SELL,322,10,3220,14286,380
11/7/2022,ADBL,SELL,321,10,3210,17496,370
11/8/2022,ADBL,SELL,321,10,3210,20706,360
11/9/2022,ADBL,BUY,316.5,10,3165,17541,370
11/10/2022,ADBL,BUY,314,10,3140,14401,380
11/13/2022,ADBL,BUY,311.7,10,3117,11284,390
11/14/2022,ADBL,BUY,311,10,3110,8174,400
11/15/2022,ADBL,BUY,315,10,3150,5024,410
11/16/2022,ADBL,BUY,314.5,10,3145,1879,420
11/17/2022,ADBL,SELL,319.5,10,3195,5074,410
11/22/2022,ADBL,SELL,319,10,3190,8264,400
11/23/2022,ADBL,SELL,317,10,3170,11434,390
11/24/2022,ADBL,SELL,319,10,3190,14624,380
11/27/2022,ADBL,SELL,316.5,10,3165,17789,370
11/28/2022,ADBL,BUY,312.1,10,3121,14668,380
11/29/2022,ADBL,BUY,314.3,10,3143,11525,390
11/30/2022,ADBL,SELL,317,10,3170,14695,380
12/1/2022,ADBL,SELL,318,10,3180,17875,370
12/4/2022,ADBL,SELL,317,10,3170,21045,360
12/5/2022,ADBL,BUY,315,10,3150,17895,370
12/6/2022,ADBL,BUY,311.7,10,3117,14778,380
12/7/2022,ADBL,BUY,309,10,3090,11688,390
12/11/2022,ADBL,BUY,307.5,10,3075,8613,400
12/12/2022,ADBL,BUY,310,10,3100,5513,410
12/13/2022,ADBL,BUY,312.5,10,3125,2388,420
12/26/2022,ADBL,SELL,315,10,3150,5538,410
12/27/2022,ADBL,SELL,323.3,10,3233,8771,400
12/28/2022,ADBL,SELL,322.4,10,3224,11995,390
12/29/2022,ADBL,SELL,328,10,3280,15275,380
1/1/2023,ADBL,SELL,326,10,3260,18535,370
1/2/2023,ADBL,SELL,326,10,3260,21795,360
1/3/2023,ADBL,SELL,329,10,3290,25085,350
1/4/2023,ADBL,SELL,334.5,10,3345,28430,340
1/5/2023,ADBL,SELL,342,10,3420,31850,330
1/8/2023,ADBL,SELL,340,10,3400,35250,320
1/9/2023,ADBL,SELL,346,10,3460,38710,310
1/10/2023,ADBL,SELL,340,10,3400,42110,300
1/12/2023,ADBL,SELL,330.2,10,3302,45412,290
1/17/2023,ADBL,SELL,328,10,3280,48692,280
1/18/2023,ADBL,SELL,324,10,3240,51932,270
1/19/2023,ADBL,SELL,324,10,3240,55172,260
1/23/2023,ADBL,BUY,312.1,10,3121,52051,270
1/24/2023,ADBL,BUY,308,10,3080,48971,280
1/25/2023,ADBL,BUY,311.2,10,3112,45859,290
1/26/2023,ADBL,BUY,308,10,3080,42779,300
1/29/2023,ADBL,BUY,305.1,10,3051,39728,310
1/30/2023,ADBL,BUY,302.7,10,3027,36701,320
1/31/2023,ADBL,BUY,301,10,3010,33691,330
2/1/2023,ADBL,BUY,300,10,3000,30691,340
2/2/2023,ADBL,BUY,298.5,10,2985,27706,350
2/5/2023,ADBL,BUY,298,10,2980,24726,360
2/6/2023,ADBL,BUY,298,10,2980,21746,370
2/7/2023,ADBL,BUY,304.4,10,3044,18702,380
2/8/2023,ADBL,BUY,307,10,3070,15632,390
2/9/2023,ADBL,BUY,308,10,3080,12552,400
2/12/2023,ADBL,BUY,300.2,10,3002,9550,410
2/14/2023,ADBL,BUY,298.5,10,2985,6565,420
2/15/2023,ADBL,BUY,296.1,10,2961,3604,430
2/16/2023,ADBL,BUY,295,10,2950,654,440
6/27/2023,ADBL,SELL,237.4,10,2374,3028,430
6/28/2023,ADBL,SELL,236.5,10,2365,5393,420
7/2/2023,ADBL,SELL,232.5,10,2325,7718,410
7/3/2023,ADBL,BUY,230.8,10,2308,5410,420
7/4/2023,ADBL,SELL,234,10,2340,7750,410
7/5/2023,ADBL,SELL,233,10,2330,10080,400
7/6/2023,ADBL,BUY,229,10,2290,7790,410
7/9/2023,ADBL,BUY,230,10,2300,5490,420
7/10/2023,ADBL,BUY,230,10,2300,3190,430
7/11/2023,ADBL,BUY,228.6,10,2286,904,440
7/16/2023,ADBL,SELL,233.9,10,2339,3243,430
7/17/2023,ADBL,SELL,240,10,2400,5643,420
7/18/2023,ADBL,SELL,247,10,2470,8113,410
7/19/2023,ADBL,SELL,258.8,10,2588,10701,400
7/20/2023,ADBL,SELL,255,10,2550,13251,390
7/23/2023,ADBL,SELL,267,10,2670,15921,380
7/24/2023,ADBL,SELL,260,10,2600,18521,370
7/25/2023,ADBL,SELL,249,10,2490,21011,360
7/26/2023,ADBL,SELL,251,10,2510,23521,350
7/27/2023,ADBL,SELL,250,10,2500,26021,340
7/30/2023,ADBL,SELL,246.8,10,2468,28489,330
7/31/2023,ADBL,SELL,247,10,2470,30959,320
8/1/2023,ADBL,SELL,244,10,2440,33399,310
8/2/2023,ADBL,SELL,250,10,2500,35899,300
8/3/2023,ADBL,SELL,248.3,10,2483,38382,290
8/6/2023,ADBL,SELL,265,10,2650,41032,280
8/7/2023,ADBL,SELL,258,10,2580,43612,270
8/8/2023,ADBL,SELL,257.9,10,2579,46191,260
8/9/2023,ADBL,SELL,258,10,2580,48771,250
8/10/2023,ADBL,SELL,260,10,2600,51371,240
8/13/2023,ADBL,SELL,264,10,2640,54011,230
8/14/2023,ADBL,SELL,267.3,10,2673,56684,220
8/15/2023,ADBL,SELL,263,10,2630,59314,210
8/16/2023,ADBL,SELL,261.4,10,2614,61928,200
8/17/2023,ADBL,SELL,261.9,10,2619,64547,190
8/20/2023,ADBL,SELL,260,10,2600,67147,180
8/21/2023,ADBL,SELL,260.8,10,2608,69755,170
8/22/2023,ADBL,SELL,263,10,2630,72385,160
8/23/2023,ADBL,SELL,263,10,2630,75015,150
8/24/2023,ADBL,SELL,260.1,10,2601,77616,140
8/27/2023,ADBL,SELL,257,10,2570,80186,130
8/28/2023,ADBL,SELL,258,10,2580,82766,120
8/29/2023,ADBL,SELL,257,10,2570,85336,110
8/30/2023,ADBL,SELL,258.5,10,2585,87921,100
9/3/2023,ADBL,SELL,255.3,10,2553,90474,90
9/4/2023,ADBL,SELL,254,10,2540,93014,80
9/5/2023,ADBL,SELL,252.1,10,2521,95535,70
9/7/2023,ADBL,SELL,251,10,2510,98045,60
9/10/2023,ADBL,SELL,254.9,10,2549,100594,50
9/11/2023,ADBL,SELL,263.9,10,2639,103233,40
9/12/2023,ADBL,SELL,260.8,10,2608,105841,30
9/13/2023,ADBL,SELL,264,10,2640,108481,20
9/17/2023,ADBL,SELL,259.9,10,2599,111080,10
9/18/2023,ADBL,SELL,259.3,10,2593,113673,0
10/5/2023,ADBL,BUY,258,10,2580,111093,10
10/8/2023,ADBL,BUY,254.5,10,2545,108548,20
10/9/2023,ADBL,BUY,253,10,2530,106018,30
10/10/2023,ADBL,BUY,252,10,2520,103498,40
10/11/2023,ADBL,BUY,250.3,10,2503,100995,50
10/12/2023,ADBL,BUY,248.3,10,2483,98512,60
10/16/2023,ADBL,BUY,248,10,2480,96032,70
10/17/2023,ADBL,BUY,251,10,2510,93522,80
10/18/2023,ADBL,SELL,260,10,2600,96122,70
10/19/2023,ADBL,SELL,259,10,2590,98712,60
10/29/2023,ADBL,BUY,255,10,2550,96162,70
10/30/2023,ADBL,BUY,255,10,2550,93612,80
10/31/2023,ADBL,BUY,251.7,10,2517,91095,90
11/1/2023,ADBL,BUY,251,10,2510,88585,100
11/2/2023,ADBL,BUY,248.2,10,2482,86103,110
11/5/2023,ADBL,BUY,240.9,10,2409,83694,120
11/6/2023,ADBL,BUY,245,10,2450,81244,130
11/6/2023,ADBL,BUY,245,10,2450,78794,140
11/7/2023,ADBL,BUY,244,10,2440,76354,150
11/7/2023,ADBL,BUY,244,10,2440,73914,160
11/8/2023,ADBL,BUY,246.5,10,2465,71449,170
11/9/2023,ADBL,BUY,244,10,2440,69009,180
11/20/2023,ADBL,BUY,239.6,10,2396,66613,190
11/21/2023,ADBL,BUY,239,10,2390,64223,200
11/22/2023,ADBL,BUY,245,10,2450,61773,210
11/23/2023,ADBL,BUY,245,10,2450,59323,220
11/26/2023,ADBL,BUY,242,10,2420,56903,230
11/27/2023,ADBL,BUY,244,10,2440,54463,240
11/28/2023,ADBL,BUY,242,10,2420,52043,250
11/29/2023,ADBL,BUY,241.8,10,2418,49625,260
11/30/2023,ADBL,BUY,239,10,2390,47235,270
12/3/2023,ADBL,BUY,239,10,2390,44845,280
12/4/2023,ADBL,BUY,240,10,2400,42445,290
12/5/2023,ADBL,BUY,238,10,2380,40065,300
12/6/2023,ADBL,BUY,236,10,2360,37705,310
12/7/2023,ADBL,BUY,239,10,2390,35315,320
12/10/2023,ADBL,BUY,248.5,10,2485,32830,330
12/11/2023,ADBL,BUY,246,10,2460,30370,340
12/12/2023,ADBL,BUY,245.4,10,2454,27916,350
12/13/2023,ADBL,BUY,246.7,10,2467,25449,360
12/14/2023,ADBL,BUY,248,10,2480,22969,370
12/17/2023,ADBL,BUY,248.5,10,2485,20484,380
12/18/2023,ADBL,SELL,251,10,2510,22994,370
12/19/2023,ADBL,SELL,261,10,2610,25604,360
12/20/2023,ADBL,SELL,261.3,10,2613,28217,350
12/21/2023,ADBL,SELL,256,10,2560,30777,340
12/24/2023,ADBL,SELL,253.5,10,2535,33312,330
12/27/2023,ADBL,SELL,249.6,10,2496,35808,320
12/28/2023,ADBL,BUY,247,10,2470,33338,330
1/1/2024,ADBL,SELL,248.9,10,2489,35827,320
1/2/2024,ADBL,SELL,248.5,10,2485,38312,310
1/3/2024,ADBL,BUY,246.9,10,2469,35843,320
1/4/2024,ADBL,BUY,245,10,2450,33393,330
1/7/2024,ADBL,BUY,243.4,10,2434,30959,340
1/8/2024,ADBL,BUY,243.7,10,2437,28522,350
1/9/2024,ADBL,BUY,245.1,10,2451,26071,360
1/10/2024,ADBL,BUY,245,10,2450,23621,370
1/11/2024,ADBL,BUY,245,10,2450,21171,380
1/14/2024,ADBL,BUY,245.9,10,2459,18712,390
1/16/2024,ADBL,SELL,246.8,10,2468,21180,380
1/17/2024,ADBL,SELL,247,10,2470,23650,370
1/18/2024,ADBL,SELL,247,10,2470,26120,360
1/21/2024,ADBL,BUY,243.9,10,2439,23681,370
1/22/2024,ADBL,BUY,244,10,2440,21241,380
1/23/2024,ADBL,BUY,245.2,10,2452,18789,390
1/24/2024,ADBL,BUY,245.5,10,2455,16334,400
1/25/2024,ADBL,BUY,245.1,10,2451,13883,410
1/28/2024,ADBL,BUY,245,10,2450,11433,420
1/29/2024,ADBL,SELL,246.5,10,2465,13898,410
1/30/2024,ADBL,BUY,245.5,10,2455,11443,420
1/31/2024,ADBL,BUY,243.2,10,2432,9011,430
2/1/2024,ADBL,BUY,240.5,10,2405,6606,440
2/4/2024,ADBL,BUY,240.5,10,2405,4201,450
2/5/2024,ADBL,BUY,242,10,2420,1781,460
3/12/2024,ADBL,SELL,239.7,10,2397,4178,450
3/13/2024,ADBL,BUY,236,10,2360,1818,460
4/21/2024,ADBL,SELL,233,10,2330,4148,450
4/22/2024,ADBL,BUY,229.4,10,2294,1854,460
4/28/2024,ADBL,SELL,235.5,10,2355,4209,450
4/29/2024,ADBL,SELL,236.2,10,2362,6571,440
4/30/2024,ADBL,SELL,240,10,2400,8971,430
5/2/2024,ADBL,SELL,241,10,2410,11381,420
5/5/2024,ADBL,SELL,239,10,2390,13771,410
5/6/2024,ADBL,SELL,235.5,10,2355,16126,400
5/7/2024,ADBL,SELL,237.1,10,2371,18497,390
5/8/2024,ADBL,SELL,233,10,2330,20827,380
5/9/2024,ADBL,SELL,239,10,2390,23217,370
5/12/2024,ADBL,SELL,239,10,2390,25607,360
5/13/2024,ADBL,SELL,245,10,2450,28057,350
5/14/2024,ADBL,SELL,245,10,2450,30507,340
5/15/2024,ADBL,SELL,244,10,2440,32947,330
5/16/2024,ADBL,SELL,241.1,10,2411,35358,320
5/19/2024,ADBL,SELL,254,10,2540,37898,310
5/20/2024,ADBL,SELL,261.1,10,2611,40509,300
5/21/2024,ADBL,SELL,261.5,10,2615,43124,290
5/22/2024,ADBL,SELL,280,10,2800,45924,280
5/26/2024,ADBL,SELL,277.5,10,2775,48699,270
5/27/2024,ADBL,SELL,277,10,2770,51469,260
5/29/2024,ADBL,SELL,270,10,2700,54169,250
5/30/2024,ADBL,SELL,261,10,2610,56779,240
6/2/2024,ADBL,SELL,265,10,2650,59429,230
6/3/2024,ADBL,SELL,262,10,2620,62049,220
6/4/2024,ADBL,SELL,266.9,10,2669,64718,210
6/5/2024,ADBL,SELL,264,10,2640,67358,200
6/6/2024,ADBL,SELL,261.9,10,2619,69977,190
6/9/2024,ADBL,SELL,255,10,2550,72527,180
6/10/2024,ADBL,SELL,254,10,2540,75067,170
6/11/2024,ADBL,SELL,259,10,2590,77657,160
6/12/2024,ADBL,SELL,269,10,2690,80347,150
6/13/2024,ADBL,SELL,266,10,2660,83007,140
6/16/2024,ADBL,SELL,268,10,2680,85687,130
6/18/2024,ADBL,SELL,261.5,10,2615,88302,120
6/19/2024,ADBL,SELL,263,10,2630,90932,110
6/20/2024,ADBL,SELL,261,10,2610,93542,100
6/23/2024,ADBL,SELL,260,10,2600,96142,90
6/24/2024,ADBL,SELL,265,10,2650,98792,80
6/25/2024,ADBL,SELL,262.5,10,2625,101417,70
6/26/2024,ADBL,SELL,263,10,2630,104047,60
6/27/2024,ADBL,SELL,261,10,2610,106657,50
6/30/2024,ADBL,SELL,259,10,2590,109247,40
7/1/2024,ADBL,SELL,267.5,10,2675,111922,30
7/2/2024,ADBL,SELL,272,10,2720,114642,20
7/3/2024,ADBL,SELL,271,10,2710,117352,10
7/4/2024,ADBL,SELL,272.9,10,2729,120081,0
9/16/2024,ADBL,BUY,349.1,10,3491,116590,10
9/18/2024,ADBL,BUY,353.1,10,3531,113059,20
9/22/2024,ADBL,BUY,355.6,10,3556,109503,30
9/23/2024,ADBL,BUY,354,10,3540,105963,40
9/24/2024,ADBL,BUY,351.2,10,3512,102451,50
9/25/2024,ADBL,BUY,359,10,3590,98861,60
9/26/2024,ADBL,BUY,357,10,3570,95291,70
9/29/2024,ADBL,BUY,352.3,10,3523,91768,80
9/30/2024,ADBL,BUY,357.5,10,3575,88193,90
10/1/2024,ADBL,SELL,370.1,10,3701,91894,80
10/2/2024,ADBL,BUY,369,10,3690,88204,90
10/6/2024,ADBL,SELL,378,10,3780,91984,80
10/7/2024,ADBL,SELL,382,10,3820,95804,70
10/8/2024,ADBL,SELL,381.4,10,3814,99618,60
10/9/2024,ADBL,SELL,383.5,10,3835,103453,50
10/15/2024,ADBL,SELL,387.5,10,3875,107328,40
10/16/2024,ADBL,SELL,395.4,10,3954,111282,30
10/17/2024,ADBL,SELL,394,10,3940,115222,20
10/20/2024,ADBL,SELL,386.6,10,3866,119088,10
10/21/2024,ADBL,SELL,377.6,10,3776,122864,0
10/23/2024,ADBL,BUY,367,10,3670,119194,10
10/24/2024,ADBL,BUY,361.1,10,3611,115583,20
10/27/2024,ADBL,BUY,358.9,10,3589,111994,30
10/28/2024,ADBL,BUY,366,10,3660,108334,40
10/29/2024,ADBL,BUY,371,10,3710,104624,50
10/30/2024,ADBL,BUY,371.5,10,3715,100909,60
11/5/2024,ADBL,BUY,366.5,10,3665,97244,70
11/6/2024,ADBL,BUY,366.1,10,3661,93583,80
11/10/2024,ADBL,BUY,369.9,10,3699,89884,90
11/11/2024,ADBL,BUY,370,10,3700,86184,100
11/12/2024,ADBL,BUY,369,10,3690,82494,110
11/13/2024,ADBL,BUY,367.2,10,3672,78822,120
11/14/2024,ADBL,BUY,365.1,10,3651,75171,130
11/17/2024,ADBL,BUY,363,10,3630,71541,140
11/19/2024,ADBL,BUY,359.1,10,3591,67950,150
11/20/2024,ADBL,BUY,358.9,10,3589,64361,160
11/21/2024,ADBL,BUY,353,10,3530,60831,170
11/24/2024,ADBL,BUY,350,10,3500,57331,180
11/25/2024,ADBL,BUY,351.9,10,3519,53812,190
11/26/2024,ADBL,BUY,356.8,10,3568,50244,200
11/27/2024,ADBL,BUY,358,10,3580,46664,210
11/28/2024,ADBL,BUY,360,10,3600,43064,220
12/1/2024,ADBL,BUY,355.6,10,3556,39508,230
12/2/2024,ADBL,BUY,352.4,10,3524,35984,240
12/3/2024,ADBL,BUY,351.6,10,3516,32468,250
12/4/2024,ADBL,BUY,352,10,3520,28948,260
12/5/2024,ADBL,BUY,349,10,3490,25458,270
12/8/2024,ADBL,BUY,341.2,10,3412,22046,280
12/9/2024,ADBL,BUY,339,10,3390,18656,290
12/10/2024,ADBL,BUY,331,10,3310,15346,300
12/11/2024,ADBL,BUY,336,10,3360,11986,310
12/12/2024,ADBL,BUY,333,10,3330,8656,320
12/16/2024,ADBL,BUY,321,10,3210,5446,330
12/17/2024,ADBL,BUY,322,10,3220,2226,340
2/27/2025,ADBL,SELL,303,10,3030,5256,330
3/2/2025,ADBL,SELL,309,10,3090,8346,320
3/3/2025,ADBL,SELL,309,10,3090,11436,310
3/4/2025,ADBL,SELL,304.3,10,3043,14479,300
3/5/2025,ADBL,SELL,301.5,10,3015,17494,290
3/6/2025,ADBL,SELL,301,10,3010,20504,280
3/9/2025,ADBL,BUY,297,10,2970,17534,290
3/10/2025,ADBL,BUY,294.2,10,2942,14592,300
3/11/2025,ADBL,BUY,292,10,2920,11672,310
3/12/2025,ADBL,BUY,293,10,2930,8742,320
3/16/2025,ADBL,BUY,290,10,2900,5842,330
3/17/2025,ADBL,BUY,290,10,2900,2942,340
3/18/2025,ADBL,BUY,289.6,10,2896,46,350
4/2/2025,ADBL,SELL,295.23,10,2952.3,2998.3,340
4/3/2025,ADBL,SELL,299.13,10,2991.3,5989.6,330
4/7/2025,ADBL,BUY,291.72,10,2917.2,3072.4,340
4/8/2025,ADBL,BUY,291.09,10,2910.9,161.5,350
5/20/2025,ADBL,SELL,289.4,10,2894,3055.5,340
5/21/2025,ADBL,SELL,289.29,10,2892.9,5948.4,330
5/22/2025,ADBL,SELL,296.73,10,2967.3,8915.7,320
5/25/2025,ADBL,SELL,294.98,10,2949.8,11865.5,310
5/26/2025,ADBL,SELL,297.05,10,2970.5,14836,300
5/27/2025,ADBL,SELL,294.44,10,2944.4,17780.4,290
5/28/2025,ADBL,SELL,299.6,10,2996,20776.4,280
6/2/2025,ADBL,SELL,296.78,10,2967.8,23744.2,270
6/3/2025,ADBL,SELL,291.42,10,2914.2,26658.4,260
6/4/2025,ADBL,SELL,290.21,10,2902.1,29560.5,250
6/5/2025,ADBL,SELL,288.25,10,2882.5,32443,240
6/8/2025,ADBL,SELL,287.6,10,2876,35319,230
6/9/2025,ADBL,SELL,288.44,10,2884.4,38203.4,220
6/10/2025,ADBL,SELL,288.33,10,2883.3,41086.7,210
6/11/2025,ADBL,SELL,288.09,10,2880.9,43967.6,200
6/12/2025,ADBL,BUY,286.2,10,2862,41105.6,210
6/15/2025,ADBL,BUY,284.25,10,2842.5,38263.1,220
6/16/2025,ADBL,BUY,286.05,10,2860.5,35402.6,230
6/17/2025,ADBL,BUY,284.77,10,2847.7,32554.9,240
6/18/2025,ADBL,BUY,285.52,10,2855.2,29699.7,250
6/19/2025,ADBL,BUY,284.18,10,2841.8,26857.9,260
6/22/2025,ADBL,BUY,281.08,10,2810.8,24047.1,270
6/23/2025,ADBL,BUY,281.24,10,2812.4,21234.7,280
6/24/2025,ADBL,BUY,281.48,10,2814.8,18419.9,290
6/25/2025,ADBL,BUY,281.73,10,2817.3,15602.6,300
6/26/2025,ADBL,BUY,281.85,10,2818.5,12784.1,310
6/29/2025,ADBL,SELL,286.67,10,2866.7,15650.8,300
6/30/2025,ADBL,SELL,287.28,10,2872.8,18523.6,290
7/1/2025,ADBL,SELL,293.7,10,2937,21460.6,280
7/2/2025,ADBL,SELL,300.65,10,3006.5,24467.1,270
7/3/2025,ADBL,SELL,300.74,10,3007.4,27474.5,260
7/6/2025,ADBL,SELL,299.94,10,2999.4,30473.9,250
7/7/2025,ADBL,SELL,296.51,10,2965.1,33439,240
7/8/2025,ADBL,SELL,297.08,10,2970.8,36409.8,230
7/9/2025,ADBL,SELL,304.2,10,3042,39451.8,220
7/10/2025,ADBL,SELL,314.7,10,3147,42598.8,210
7/13/2025,ADBL,SELL,327.02,10,3270.2,45869,200
7/14/2025,ADBL,SELL,315.71,10,3157.1,49026.1,190
7/15/2025,ADBL,SELL,323.7,10,3237,52263.1,180
7/16/2025,ADBL,SELL,327.13,10,3271.3,55534.4,170
7/17/2025,ADBL,SELL,331.6,10,3316,58850.4,160
7/20/2025,ADBL,SELL,330.22,10,3302.2,62152.6,150
7/21/2025,ADBL,SELL,332.11,10,3321.1,65473.7,140
7/22/2025,ADBL,SELL,339.57,10,3395.7,68869.4,130
7/23/2025,ADBL,SELL,339.6,10,3396,72265.4,120
7/24/2025,ADBL,SELL,336.59,10,3365.9,75631.3,110
7/27/2025,ADBL,SELL,332.03,10,3320.3,78951.6,100
7/28/2025,ADBL,SELL,331.79,10,3317.9,82269.5,90
7/29/2025,ADBL,SELL,335.35,10,3353.5,85623,80
7/30/2025,ADBL,SELL,332.08,10,3320.8,88943.8,70
7/31/2025,ADBL,SELL,332.18,10,3321.8,92265.6,60
8/3/2025,ADBL,SELL,326.37,10,3263.7,95529.3,50
8/4/2025,ADBL,SELL,327.91,10,3279.1,98808.4,40
8/5/2025,ADBL,SELL,325.39,10,3253.9,102062.3,30
8/6/2025,ADBL,SELL,327.8,10,3278,105340.3,20
8/7/2025,ADBL,SELL,326.85,10,3268.5,108608.8,10
8/11/2025,ADBL,SELL,334.44,10,3344.4,111953.2,0
9/7/2025,ADBL,BUY,321.11,10,3211.1,108742.1,10
9/8/2025,ADBL,BUY,317.16,10,3171.6,105570.5,20
9/18/2025,ADBL,BUY,298.7,10,2987,102583.5,30
9/21/2025,ADBL,BUY,317.01,10,3170.1,99413.4,40
9/23/2025,ADBL,BUY,317,10,3170,96243.4,50
9/24/2025,ADBL,BUY,316,10,3160,93083.4,60
9/25/2025,ADBL,BUY,317.3,10,3173,89910.4,70
9/28/2025,ADBL,BUY,319.5,10,3195,86715.4,80
10/7/2025,ADBL,BUY,316.9,10,3169,83546.4,90
10/8/2025,ADBL,BUY,312.4,10,3124,80422.4,100
10/9/2025,ADBL,BUY,317,10,3170,77252.4,110
10/12/2025,ADBL,BUY,307.7,10,3077,74175.4,120
10/13/2025,ADBL,BUY,310,10,3100,71075.4,130
10/14/2025,ADBL,BUY,309,10,3090,67985.4,140
10/15/2025,ADBL,BUY,308,10,3080,64905.4,150
10/16/2025,ADBL,BUY,308.9,10,3089,61816.4,160
10/19/2025,ADBL,BUY,309.9,10,3099,58717.4,170
10/26/2025,ADBL,BUY,309,10,3090,55627.4,180
10/28/2025,ADBL,BUY,315,10,3150,52477.4,190
10/29/2025,ADBL,BUY,312,10,3120,49357.4,200
10/30/2025,ADBL,BUY,313.5,10,3135,46222.4,210
11/2/2025,ADBL,BUY,315,10,3150,43072.4,220
11/3/2025,ADBL,BUY,317,10,3170,39902.4,230
11/4/2025,ADBL,BUY,312,10,3120,36782.4,240
11/5/2025,ADBL,BUY,315,10,3150,33632.4,250
11/6/2025,ADBL,BUY,318,10,3180,30452.4,260
11/9/2025,ADBL,BUY,315,10,3150,27302.4,270
11/10/2025,ADBL,BUY,312.6,10,3126,24176.4,280
11/11/2025,ADBL,BUY,313.8,10,3138,21038.4,290
11/12/2025,ADBL,BUY,313,10,3130,17908.4,300
11/13/2025,ADBL,BUY,312,10,3120,14788.4,310
11/16/2025,ADBL,BUY,312,10,3120,11668.4,320
11/17/2025,ADBL,BUY,313.7,10,3137,8531.4,330
11/18/2025,ADBL,BUY,314.5,10,3145,5386.4,340
11/19/2025,ADBL,BUY,312.8,10,3128,2258.4,350
11/24/2025,ADBL,SELL,317,10,3170,5428.4,340
11/25/2025,ADBL,SELL,320,10,3200,8628.4,330
11/26/2025,ADBL,SELL,324.5,10,3245,11873.4,320
11/27/2025,ADBL,SELL,328.9,10,3289,15162.4,310
11/30/2025,ADBL,BUY,307,10,3070,12092.4,320
12/1/2025,ADBL,BUY,303.9,10,3039,9053.4,330
12/2/2025,ADBL,BUY,301,10,3010,6043.4,340
12/3/2025,ADBL,BUY,298.2,10,2982,3061.4,350
12/7/2025,ADBL,BUY,298.9,10,2989,72.4,360
1/18/2026,ADBL,SELL,304.8,10,3048,3120.4,350
1/20/2026,ADBL,SELL,307.9,10,3079,6199.4,340
1/21/2026,ADBL,SELL,306.9,10,3069,9268.4,330
1/22/2026,ADBL,SELL,304,10,3040,12308.4,320
1/25/2026,ADBL,SELL,307.5,10,3075,15383.4,310
4/7/2021,AHPC,BUY,267,10,2670,12713.4,10
4/8/2021,AHPC,BUY,264,10,2640,10073.4,20
4/12/2021,AHPC,BUY,261,10,2610,7463.4,30
4/13/2021,AHPC,BUY,260,10,2600,4863.4,40
4/15/2021,AHPC,BUY,261,10,2610,2253.4,50
5/2/2021,AHPC,SELL,303,10,3030,5283.4,40
5/3/2021,AHPC,SELL,299,10,2990,8273.4,30
5/4/2021,AHPC,SELL,306,10,3060,11333.4,20
5/5/2021,AHPC,SELL,314,10,3140,14473.4,10
5/6/2021,AHPC,SELL,307,10,3070,17543.4,0
9/26/2021,AHPC,BUY,575,10,5750,11793.4,10
9/27/2021,AHPC,BUY,492,10,4920,6873.4,20
9/28/2021,AHPC,BUY,458,10,4580,2293.4,30
12/23/2021,AHPC,SELL,447,10,4470,6763.4,20
12/26/2021,AHPC,BUY,440.9,10,4409,2354.4,30
1/6/2022,AHPC,SELL,458.1,10,4581,6935.4,20
1/9/2022,AHPC,SELL,488,10,4880,11815.4,10
1/10/2022,AHPC,SELL,485,10,4850,16665.4,0
3/2/2022,AHPC,BUY,500.2,10,5002,11663.4,10
3/6/2022,AHPC,BUY,495,10,4950,6713.4,20
3/7/2022,AHPC,BUY,494,10,4940,1773.4,30
7/25/2022,AHPC,SELL,374.5,10,3745,5518.4,20
7/26/2022,AHPC,BUY,368,10,3680,1838.4,30
7/27/2022,AHPC,SELL,381,10,3810,5648.4,20
7/28/2022,AHPC,SELL,379.9,10,3799,9447.4,10
7/29/2022,AHPC,SELL,376,10,3760,13207.4,0
8/9/2022,AHPC,BUY,359,10,3590,9617.4,10
8/10/2022,AHPC,BUY,360,10,3600,6017.4,20
8/11/2022,AHPC,BUY,350,10,3500,2517.4,30
8/15/2022,AHPC,SELL,370,10,3700,6217.4,20
8/16/2022,AHPC,BUY,358,10,3580,2637.4,30
8/18/2022,AHPC,SELL,369,10,3690,6327.4,20
8/21/2022,AHPC,BUY,360,10,3600,2727.4,30
9/25/2022,AHPC,BUY,270,10,2700,27.4,40
12/26/2022,AHPC,SELL,272.8,10,2728,2755.4,30
12/27/2022,AHPC,SELL,284.9,10,2849,5604.4,20
12/28/2022,AHPC,SELL,285,10,2850,8454.4,10
12/29/2022,AHPC,SELL,299,10,2990,11444.4,0
2/2/2023,AHPC,BUY,293,10,2930,8514.4,10
2/5/2023,AHPC,BUY,293,10,2930,5584.4,20
2/6/2023,AHPC,BUY,292,10,2920,2664.4,30
2/7/2023,AHPC,SELL,318,10,3180,5844.4,20
2/8/2023,AHPC,SELL,316,10,3160,9004.4,10
2/9/2023,AHPC,SELL,320,10,3200,12204.4,0
2/14/2023,AHPC,BUY,299,10,2990,9214.4,10
2/15/2023,AHPC,SELL,311,10,3110,12324.4,0
2/23/2023,AHPC,BUY,303.1,10,3031,9293.4,10
2/26/2023,AHPC,BUY,302,10,3020,6273.4,20
2/27/2023,AHPC,BUY,304,10,3040,3233.4,30
2/28/2023,AHPC,SELL,306,10,3060,6293.4,20
3/1/2023,AHPC,BUY,302,10,3020,3273.4,30
3/2/2023,AHPC,BUY,292,10,2920,353.4,40
4/12/2023,AHPC,SELL,305,10,3050,3403.4,30
4/13/2023,AHPC,BUY,300,10,3000,403.4,40
4/17/2023,AHPC,SELL,310,10,3100,3503.4,30
4/18/2023,AHPC,SELL,305.2,10,3052,6555.4,20
4/19/2023,AHPC,SELL,307,10,3070,9625.4,10
4/20/2023,AHPC,SELL,300,10,3000,12625.4,0
4/23/2023,AHPC,BUY,291,10,2910,9715.4,10
4/24/2023,AHPC,BUY,294,10,2940,6775.4,20
4/25/2023,AHPC,BUY,297,10,2970,3805.4,30
4/26/2023,AHPC,BUY,292,10,2920,885.4,40
5/23/2023,AHPC,SELL,299,10,2990,3875.4,30
5/24/2023,AHPC,SELL,295.9,10,2959,6834.4,20
5/28/2023,AHPC,BUY,290,10,2900,3934.4,30
5/30/2023,AHPC,BUY,283,10,2830,1104.4,40
6/6/2023,AHPC,SELL,295.1,10,2951,4055.4,30
6/7/2023,AHPC,SELL,299.8,10,2998,7053.4,20
6/8/2023,AHPC,SELL,295,10,2950,10003.4,10
6/11/2023,AHPC,SELL,301,10,3010,13013.4,0
6/26/2023,AHPC,BUY,288.1,10,2881,10132.4,10
6/27/2023,AHPC,BUY,289,10,2890,7242.4,20
6/28/2023,AHPC,BUY,284,10,2840,4402.4,30
7/2/2023,AHPC,BUY,273,10,2730,1672.4,40
9/21/2023,AHPC,SELL,238.5,10,2385,4057.4,30
9/24/2023,AHPC,SELL,228.5,10,2285,6342.4,20
9/25/2023,AHPC,SELL,229.9,10,2299,8641.4,10
9/26/2023,AHPC,SELL,236,10,2360,11001.4,0
10/1/2023,AHPC,BUY,223.8,10,2238,8763.4,10
10/2/2023,AHPC,SELL,229.6,10,2296,11059.4,0
10/8/2023,AHPC,BUY,219,10,2190,8869.4,10
10/9/2023,AHPC,BUY,214.3,10,2143,6726.4,20
10/10/2023,AHPC,BUY,212,10,2120,4606.4,30
10/11/2023,AHPC,BUY,214,10,2140,2466.4,40
10/12/2023,AHPC,BUY,213,10,2130,336.4,50
10/18/2023,AHPC,SELL,216.9,10,2169,2505.4,40
10/19/2023,AHPC,BUY,214.1,10,2141,364.4,50
11/26/2023,AHPC,SELL,215,10,2150,2514.4,40
11/27/2023,AHPC,BUY,210.2,10,2102,412.4,50
12/10/2023,AHPC,SELL,217.1,10,2171,2583.4,40
12/11/2023,AHPC,SELL,219.9,10,2199,4782.4,30
12/12/2023,AHPC,SELL,223,10,2230,7012.4,20
12/13/2023,AHPC,SELL,221.5,10,2215,9227.4,10
12/14/2023,AHPC,SELL,226.6,10,2266,11493.4,0
1/29/2024,AHPC,BUY,209.1,10,2091,9402.4,10
1/30/2024,AHPC,BUY,216.8,10,2168,7234.4,20
1/31/2024,AHPC,BUY,211.2,10,2112,5122.4,30
2/1/2024,AHPC,BUY,206.8,10,2068,3054.4,40
2/4/2024,AHPC,BUY,207,10,2070,984.4,50
7/11/2024,AHPC,SELL,159,10,1590,2574.4,40
7/14/2024,AHPC,SELL,173.9,10,1739,4313.4,30
7/15/2024,AHPC,SELL,177.9,10,1779,6092.4,20
7/16/2024,AHPC,SELL,195.6,10,1956,8048.4,10
7/17/2024,AHPC,SELL,203,10,2030,10078.4,0
9/24/2024,AHPC,BUY,252.2,10,2522,7556.4,10
9/25/2024,AHPC,SELL,265,10,2650,10206.4,0
9/26/2024,AHPC,BUY,255,10,2550,7656.4,10
9/29/2024,AHPC,BUY,250,10,2500,5156.4,20
9/30/2024,AHPC,BUY,259,10,2590,2566.4,30
10/1/2024,AHPC,SELL,281.4,10,2814,5380.4,20
10/2/2024,AHPC,SELL,270,10,2700,8080.4,10
10/6/2024,AHPC,SELL,276,10,2760,10840.4,0
10/21/2024,AHPC,BUY,265.1,10,2651,8189.4,10
10/22/2024,AHPC,BUY,267.6,10,2676,5513.4,20
10/23/2024,AHPC,BUY,266,10,2660,2853.4,30
10/24/2024,AHPC,BUY,267.9,10,2679,174.4,40
11/10/2024,AHPC,SELL,290.5,10,2905,3079.4,30
11/11/2024,AHPC,SELL,299,10,2990,6069.4,20
11/12/2024,AHPC,SELL,294,10,2940,9009.4,10
11/13/2024,AHPC,SELL,289.1,10,2891,11900.4,0
11/20/2024,AHPC,BUY,280,10,2800,9100.4,10
11/21/2024,AHPC,BUY,276,10,2760,6340.4,20
11/24/2024,AHPC,BUY,276.5,10,2765,3575.4,30
11/25/2024,AHPC,SELL,281,10,2810,6385.4,20
11/26/2024,AHPC,SELL,285,10,2850,9235.4,10
11/27/2024,AHPC,SELL,290,10,2900,12135.4,0
12/4/2024,AHPC,BUY,275.2,10,2752,9383.4,10
12/5/2024,AHPC,BUY,271,10,2710,6673.4,20
12/8/2024,AHPC,BUY,266.8,10,2668,4005.4,30
12/9/2024,AHPC,BUY,267,10,2670,1335.4,40
1/27/2025,AHPC,SELL,265,10,2650,3985.4,30
1/28/2025,AHPC,SELL,267.5,10,2675,6660.4,20
2/2/2025,AHPC,SELL,272,10,2720,9380.4,10
2/3/2025,AHPC,SELL,269.5,10,2695,12075.4,0
2/23/2025,AHPC,BUY,257.3,10,2573,9502.4,10
2/24/2025,AHPC,SELL,258.5,10,2585,12087.4,0
3/16/2025,AHPC,BUY,259.2,10,2592,9495.4,10
3/17/2025,AHPC,BUY,259.8,10,2598,6897.4,20
3/18/2025,AHPC,BUY,260.1,10,2601,4296.4,30
3/19/2025,AHPC,BUY,257.9,10,2579,1717.4,40
4/16/2025,AHPC,SELL,264.61,10,2646.1,4363.5,30
4/17/2025,AHPC,SELL,268.73,10,2687.3,7050.8,20
4/20/2025,AHPC,SELL,266.65,10,2666.5,9717.3,10
4/21/2025,AHPC,SELL,275.14,10,2751.4,12468.7,0
6/24/2025,AHPC,BUY,285.24,10,2852.4,9616.3,10
6/25/2025,AHPC,BUY,285.03,10,2850.3,6766,20
6/26/2025,AHPC,BUY,282.95,10,2829.5,3936.5,30
6/29/2025,AHPC,BUY,284.37,10,2843.7,1092.8,40
7/16/2025,AHPC,SELL,291.69,10,2916.9,4009.7,30
7/17/2025,AHPC,SELL,301.43,10,3014.3,7024,20
7/20/2025,AHPC,SELL,299.22,10,2992.2,10016.2,10
7/21/2025,AHPC,SELL,299.45,10,2994.5,13010.7,0
8/5/2025,AHPC,BUY,293.79,10,2937.9,10072.8,10
8/6/2025,AHPC,BUY,294.36,10,2943.6,7129.2,20
8/7/2025,AHPC,SELL,298.24,10,2982.4,10111.6,10
8/11/2025,AHPC,SELL,296.97,10,2969.7,13081.3,0
8/12/2025,AHPC,BUY,292.86,10,2928.6,10152.7,10
8/13/2025,AHPC,BUY,294.51,10,2945.1,7207.6,20
8/14/2025,AHPC,BUY,293.58,10,2935.8,4271.8,30
8/17/2025,AHPC,BUY,295.43,10,2954.3,1317.5,40
8/19/2025,AHPC,SELL,300.16,10,3001.6,4319.1,30
8/20/2025,AHPC,BUY,296.1,10,2961,1358.1,40
8/27/2025,AHPC,SELL,298.47,10,2984.7,4342.8,30
8/28/2025,AHPC,BUY,291.63,10,2916.3,1426.5,40
9/28/2025,AHPC,SELL,295.6,10,2956,4382.5,30
10/7/2025,AHPC,BUY,288,10,2880,1502.5,40
11/2/2025,AHPC,SELL,293.9,10,2939,4441.5,30
11/3/2025,AHPC,SELL,289.8,10,2898,7339.5,20
11/4/2025,AHPC,BUY,286.5,10,2865,4474.5,30
11/5/2025,AHPC,BUY,286.9,10,2869,1605.5,40
11/25/2025,AHPC,SELL,285,10,2850,4455.5,30
11/26/2025,AHPC,SELL,285.9,10,2859,7314.5,20
11/27/2025,AHPC,SELL,285,10,2850,10164.5,10
11/30/2025,AHPC,BUY,283.5,10,2835,7329.5,20
12/1/2025,AHPC,SELL,284,10,2840,10169.5,10
12/2/2025,AHPC,SELL,284.9,10,2849,13018.5,0
12/3/2025,AHPC,BUY,281.5,10,2815,10203.5,10
12/7/2025,AHPC,BUY,281,10,2810,7393.5,20
12/8/2025,AHPC,BUY,279.6,10,2796,4597.5,30
12/9/2025,AHPC,BUY,279,10,2790,1807.5,40
1/25/2026,AHPC,SELL,279,10,2790,4597.5,30
4/26/2021,AKJCL,BUY,145,10,1450,3147.5,10
4/27/2021,AKJCL,SELL,153,10,1530,4677.5,0
9/20/2021,AKJCL,BUY,348,10,3480,1197.5,10
9/22/2021,AKJCL,SELL,384,10,3840,5037.5,0
9/23/2021,AKJCL,BUY,372,10,3720,1317.5,10
10/31/2021,AKJCL,SELL,372,10,3720,5037.5,0
11/1/2021,AKJCL,BUY,359,10,3590,1447.5,10
1/9/2022,AKJCL,SELL,312.5,10,3125,4572.5,0
2/13/2022,AKJCL,BUY,301,10,3010,1562.5,10
2/14/2022,AKJCL,SELL,304,10,3040,4602.5,0
3/2/2022,AKJCL,BUY,297.4,10,2974,1628.5,10
7/24/2022,AKJCL,SELL,207,10,2070,3698.5,0
8/28/2022,AKJCL,BUY,207,10,2070,1628.5,10
12/18/2022,AKJCL,BUY,162.5,10,1625,3.5,20
12/26/2022,AKJCL,SELL,176,10,1760,1763.5,10
12/27/2022,AKJCL,SELL,187,10,1870,3633.5,0
3/5/2023,AKJCL,BUY,218.9,10,2189,1444.5,10
3/7/2023,AKJCL,SELL,221,10,2210,3654.5,0
3/15/2023,AKJCL,BUY,226,10,2260,1394.5,10
3/20/2023,AKJCL,SELL,230.5,10,2305,3699.5,0
3/22/2023,AKJCL,BUY,228,10,2280,1419.5,10
4/12/2023,AKJCL,SELL,232,10,2320,3739.5,0
4/13/2023,AKJCL,BUY,225,10,2250,1489.5,10
4/24/2023,AKJCL,SELL,229.9,10,2299,3788.5,0
4/30/2023,AKJCL,BUY,220,10,2200,1588.5,10
5/23/2023,AKJCL,SELL,219.9,10,2199,3787.5,0
5/28/2023,AKJCL,BUY,214,10,2140,1647.5,10
6/4/2023,AKJCL,SELL,217,10,2170,3817.5,0
6/5/2023,AKJCL,BUY,213,10,2130,1687.5,10
6/6/2023,AKJCL,SELL,217.8,10,2178,3865.5,0
6/19/2023,AKJCL,BUY,215,10,2150,1715.5,10
8/8/2023,AKJCL,BUY,170,10,1700,15.5,20
9/26/2023,AKJCL,SELL,171,10,1710,1725.5,10
9/27/2023,AKJCL,BUY,167,10,1670,55.5,20
11/26/2023,AKJCL,SELL,154.2,10,1542,1597.5,10
11/27/2023,AKJCL,BUY,149.2,10,1492,105.5,20
12/10/2023,AKJCL,SELL,160,10,1600,1705.5,10
12/11/2023,AKJCL,SELL,159,10,1590,3295.5,0
2/29/2024,AKJCL,BUY,213.1,10,2131,1164.5,10
3/5/2024,AKJCL,SELL,221,10,2210,3374.5,0
3/17/2024,AKJCL,BUY,222,10,2220,1154.5,10
6/11/2024,AKJCL,SELL,211,10,2110,3264.5,0
6/25/2024,AKJCL,BUY,208,10,2080,1184.5,10
7/2/2024,AKJCL,SELL,211,10,2110,3294.5,0
7/3/2024,AKJCL,BUY,207,10,2070,1224.5,10
7/4/2024,AKJCL,SELL,227.7,10,2277,3501.5,0
7/16/2024,AKJCL,BUY,162.8,10,1628,1873.5,10
7/17/2024,AKJCL,BUY,179,10,1790,83.5,20
7/31/2024,AKJCL,SELL,208.5,10,2085,2168.5,10
8/1/2024,AKJCL,BUY,205.5,10,2055,113.5,20
8/11/2024,AKJCL,SELL,217.8,10,2178,2291.5,10
8/12/2024,AKJCL,SELL,239.5,10,2395,4686.5,0
9/9/2024,AKJCL,BUY,214,10,2140,2546.5,10
9/10/2024,AKJCL,BUY,213.5,10,2135,411.5,20
9/12/2024,AKJCL,SELL,224,10,2240,2651.5,10
9/15/2024,AKJCL,BUY,215.9,10,2159,492.5,20
10/7/2024,AKJCL,SELL,216,10,2160,2652.5,10
10/8/2024,AKJCL,BUY,212,10,2120,532.5,20
10/16/2024,AKJCL,SELL,223.9,10,2239,2771.5,10
10/17/2024,AKJCL,SELL,220,10,2200,4971.5,0
10/20/2024,AKJCL,BUY,213,10,2130,2841.5,10
10/21/2024,AKJCL,BUY,208.4,10,2084,757.5,20
11/10/2024,AKJCL,SELL,225,10,2250,3007.5,10
11/11/2024,AKJCL,SELL,223.9,10,2239,5246.5,0
11/12/2024,AKJCL,BUY,212.9,10,2129,3117.5,10
11/13/2024,AKJCL,BUY,210,10,2100,1017.5,20
11/17/2024,AKJCL,SELL,214.8,10,2148,3165.5,10
11/19/2024,AKJCL,BUY,211.5,10,2115,1050.5,20
11/20/2024,AKJCL,SELL,215,10,2150,3200.5,10
11/21/2024,AKJCL,BUY,211.1,10,2111,1089.5,20
11/26/2024,AKJCL,SELL,212,10,2120,3209.5,10
11/27/2024,AKJCL,SELL,213,10,2130,5339.5,0
11/28/2024,AKJCL,BUY,211,10,2110,3229.5,10
12/1/2024,AKJCL,BUY,208,10,2080,1149.5,20
12/2/2024,AKJCL,SELL,212,10,2120,3269.5,10
12/3/2024,AKJCL,SELL,213,10,2130,5399.5,0
12/10/2024,AKJCL,BUY,209,10,2090,3309.5,10
12/11/2024,AKJCL,SELL,215,10,2150,5459.5,0
12/12/2024,AKJCL,BUY,209.5,10,2095,3364.5,10
12/16/2024,AKJCL,BUY,205,10,2050,1314.5,20
2/2/2025,AKJCL,SELL,205,10,2050,3364.5,10
2/3/2025,AKJCL,SELL,205.3,10,2053,5417.5,0
2/4/2025,AKJCL,BUY,203.8,10,2038,3379.5,10
2/5/2025,AKJCL,SELL,205,10,2050,5429.5,0
2/6/2025,AKJCL,BUY,203.1,10,2031,3398.5,10
2/9/2025,AKJCL,SELL,208,10,2080,5478.5,0
3/20/2025,AKJCL,BUY,204.33,10,2043.3,3435.2,10
3/23/2025,AKJCL,BUY,200.79,10,2007.9,1427.3,20
3/30/2025,AKJCL,SELL,207.03,10,2070.3,3497.6,10
4/1/2025,AKJCL,BUY,205.12,10,2051.2,1446.4,20
4/16/2025,AKJCL,SELL,207.68,10,2076.8,3523.2,10
4/17/2025,AKJCL,SELL,209.87,10,2098.7,5621.9,0
4/20/2025,AKJCL,BUY,206.12,10,2061.2,3560.7,10
4/21/2025,AKJCL,SELL,210.74,10,2107.4,5668.1,0
4/23/2025,AKJCL,BUY,204.02,10,2040.2,3627.9,10
4/24/2025,AKJCL,BUY,204.27,10,2042.7,1585.2,20
4/30/2025,AKJCL,SELL,210.21,10,2102.1,3687.3,10
5/4/2025,AKJCL,SELL,211.08,10,2110.8,5798.1,0
5/14/2025,AKJCL,BUY,206.59,10,2065.9,3732.2,10
5/15/2025,AKJCL,BUY,205.45,10,2054.5,1677.7,20
5/20/2025,AKJCL,SELL,211.63,10,2116.3,3794,10
5/21/2025,AKJCL,SELL,207.94,10,2079.4,5873.4,0
5/22/2025,AKJCL,BUY,206.15,10,2061.5,3811.9,10
5/25/2025,AKJCL,SELL,207.47,10,2074.7,5886.6,0
5/27/2025,AKJCL,BUY,206.6,10,2066,3820.6,10
5/28/2025,AKJCL,SELL,208.23,10,2082.3,5902.9,0
6/3/2025,AKJCL,BUY,205.97,10,2059.7,3843.2,10
6/4/2025,AKJCL,BUY,205.34,10,2053.4,1789.8,20
6/9/2025,AKJCL,SELL,207.43,10,2074.3,3864.1,10
6/10/2025,AKJCL,SELL,209.24,10,2092.4,5956.5,0
7/6/2025,AKJCL,BUY,208.24,10,2082.4,3874.1,10
7/7/2025,AKJCL,BUY,205.99,10,2059.9,1814.2,20
7/17/2025,AKJCL,SELL,216.61,10,2166.1,3980.3,10
7/20/2025,AKJCL,SELL,214.16,10,2141.6,6121.9,0
8/5/2025,AKJCL,BUY,211.3,10,2113,4008.9,10
8/6/2025,AKJCL,BUY,209.65,10,2096.5,1912.4,20
8/7/2025,AKJCL,SELL,211.89,10,2118.9,4031.3,10
8/11/2025,AKJCL,BUY,209.03,10,2090.3,1941,20
9/8/2025,AKJCL,BUY,191.33,10,1913.3,27.7,30
11/24/2025,AKJCL,SELL,194.1,10,1941,1968.7,20
11/25/2025,AKJCL,SELL,193.4,10,1934,3902.7,10
11/26/2025,AKJCL,BUY,191,10,1910,1992.7,20
11/27/2025,AKJCL,BUY,192,10,1920,72.7,30
12/31/2025,AKJCL,SELL,192.4,10,1924,1996.7,20
1/1/2026,AKJCL,SELL,193,10,1930,3926.7,10
1/4/2026,AKJCL,SELL,190.8,10,1908,5834.7,0
4/25/2021,BARUN,BUY,234,10,2340,3494.7,10
4/26/2021,BARUN,BUY,225,10,2250,1244.7,20
4/29/2021,BARUN,SELL,240,10,2400,3644.7,10
5/2/2021,BARUN,SELL,242,10,2420,6064.7,0
9/2/2021,BARUN,BUY,575,10,5750,314.7,10
9/12/2021,BARUN,SELL,640,10,6400,6714.7,0
9/16/2021,BARUN,BUY,573,10,5730,984.7,10
11/16/2021,BARUN,SELL,506,10,5060,6044.7,0
11/28/2021,BARUN,BUY,479,10,4790,1254.7,10
12/1/2021,BARUN,SELL,484,10,4840,6094.7,0
12/2/2021,BARUN,BUY,473,10,4730,1364.7,10
12/23/2021,BARUN,SELL,493,10,4930,6294.7,0
1/2/2022,BARUN,BUY,458,10,4580,1714.7,10
1/3/2022,BARUN,SELL,462,10,4620,6334.7,0
3/2/2022,BARUN,BUY,513.9,10,5139,1195.7,10
5/11/2022,BARUN,SELL,492.4,10,4924,6119.7,0
6/3/2022,BARUN,BUY,445,10,4450,1669.7,10
6/6/2022,BARUN,SELL,448,10,4480,6149.7,0
6/7/2022,BARUN,BUY,439.9,10,4399,1750.7,10
6/8/2022,BARUN,SELL,474,10,4740,6490.7,0
6/15/2022,BARUN,BUY,435.9,10,4359,2131.7,10
6/16/2022,BARUN,SELL,446,10,4460,6591.7,0
6/17/2022,BARUN,BUY,437.1,10,4371,2220.7,10
6/26/2022,BARUN,SELL,446,10,4460,6680.7,0
7/8/2022,BARUN,BUY,441,10,4410,2270.7,10
9/20/2022,BARUN,BUY,213,10,2130,140.7,20
12/27/2022,BARUN,SELL,216.8,10,2168,2308.7,10
12/28/2022,BARUN,SELL,210,10,2100,4408.7,0
3/16/2023,BARUN,BUY,259.6,10,2596,1812.7,10
3/19/2023,BARUN,SELL,263,10,2630,4442.7,0
3/23/2023,BARUN,BUY,263,10,2630,1812.7,10
3/27/2023,BARUN,SELL,269.1,10,2691,4503.7,0
3/29/2023,BARUN,BUY,266,10,2660,1843.7,10
4/12/2023,BARUN,SELL,268.2,10,2682,4525.7,0
4/13/2023,BARUN,BUY,260.9,10,2609,1916.7,10
6/7/2023,BARUN,SELL,249.9,10,2499,4415.7,0
7/3/2023,BARUN,BUY,248.5,10,2485,1930.7,10
7/16/2023,BARUN,SELL,249,10,2490,4420.7,0
7/19/2023,BARUN,BUY,248,10,2480,1940.7,10
7/20/2023,BARUN,SELL,255.8,10,2558,4498.7,0
7/27/2023,BARUN,BUY,251,10,2510,1988.7,10
9/13/2023,BARUN,SELL,242,10,2420,4408.7,0
9/17/2023,BARUN,BUY,228,10,2280,2128.7,10
9/18/2023,BARUN,SELL,237.1,10,2371,4499.7,0
10/1/2023,BARUN,BUY,230,10,2300,2199.7,10
10/2/2023,BARUN,SELL,234,10,2340,4539.7,0
10/3/2023,BARUN,BUY,228.9,10,2289,2250.7,10
10/8/2023,BARUN,BUY,220,10,2200,50.7,20
12/10/2023,BARUN,SELL,228,10,2280,2330.7,10
12/11/2023,BARUN,SELL,226,10,2260,4590.7,0
1/2/2024,BARUN,BUY,216.2,10,2162,2428.7,10
1/3/2024,BARUN,SELL,222.9,10,2229,4657.7,0
2/22/2024,BARUN,BUY,253.1,10,2531,2126.7,10
2/25/2024,BARUN,SELL,257,10,2570,4696.7,0
2/27/2024,BARUN,BUY,254,10,2540,2156.7,10
3/4/2024,BARUN,SELL,266,10,2660,4816.7,0
3/5/2024,BARUN,BUY,248,10,2480,2336.7,10
4/18/2024,BARUN,BUY,231,10,2310,26.7,20
5/21/2024,BARUN,SELL,242,10,2420,2446.7,10
5/22/2024,BARUN,SELL,241,10,2410,4856.7,0
5/27/2024,BARUN,BUY,236,10,2360,2496.7,10
5/29/2024,BARUN,BUY,231.2,10,2312,184.7,20
5/30/2024,BARUN,SELL,239,10,2390,2574.7,10
6/2/2024,BARUN,SELL,241,10,2410,4984.7,0
6/5/2024,BARUN,BUY,235,10,2350,2634.7,10
6/6/2024,BARUN,BUY,235,10,2350,284.7,20
6/9/2024,BARUN,SELL,240,10,2400,2684.7,10
6/10/2024,BARUN,SELL,249,10,2490,5174.7,0
9/9/2024,BARUN,BUY,342,10,3420,1754.7,10
10/16/2024,BARUN,SELL,363.1,10,3631,5385.7,0
10/20/2024,BARUN,BUY,359,10,3590,1795.7,10
10/21/2024,BARUN,SELL,368,10,3680,5475.7,0
12/26/2024,BARUN,BUY,405.5,10,4055,1420.7,10
1/6/2025,BARUN,SELL,415.9,10,4159,5579.7,0
1/13/2025,BARUN,BUY,414,10,4140,1439.7,10
1/15/2025,BARUN,SELL,418.9,10,4189,5628.7,0
5/14/2025,BARUN,BUY,525.2,10,5252,376.7,10
5/15/2025,BARUN,SELL,539.89,10,5398.9,5775.6,0
5/21/2025,BARUN,BUY,530.49,10,5304.9,470.7,10
11/12/2025,BARUN,SELL,340,10,3400,3870.7,0
11/16/2025,BARUN,BUY,332.2,10,3322,548.7,10
11/18/2025,BARUN,SELL,347.9,10,3479,4027.7,0
12/7/2025,BARUN,BUY,327,10,3270,757.7,10
12/8/2025,BARUN,SELL,329.9,10,3299,4056.7,0
12/9/2025,BARUN,BUY,324.2,10,3242,814.7,10
1/20/2026,BARUN,SELL,331.7,10,3317,4131.7,0
4/25/2021,CZBIL,BUY,309,10,3090,1041.7,10
5/2/2021,CZBIL,SELL,313,10,3130,4171.7,0
5/3/2021,CZBIL,BUY,308,10,3080,1091.7,10
5/5/2021,CZBIL,SELL,309,10,3090,4181.7,0
8/31/2021,CZBIL,BUY,392,10,3920,261.7,10
9/1/2021,CZBIL,SELL,402,10,4020,4281.7,0
9/5/2021,CZBIL,BUY,394,10,3940,341.7,10
9/6/2021,CZBIL,SELL,407.5,10,4075,4416.7,0
9/7/2021,CZBIL,BUY,398,10,3980,436.7,10
9/13/2021,CZBIL,SELL,409,10,4090,4526.7,0
9/16/2021,CZBIL,BUY,397,10,3970,556.7,10
9/23/2021,CZBIL,SELL,408.5,10,4085,4641.7,0
9/26/2021,CZBIL,BUY,400,10,4000,641.7,10
1/4/2022,CZBIL,SELL,302,10,3020,3661.7,0
2/10/2022,CZBIL,BUY,285.4,10,2854,807.7,10
2/15/2022,CZBIL,SELL,287,10,2870,3677.7,0
2/16/2022,CZBIL,BUY,284,10,2840,837.7,10
7/31/2022,CZBIL,SELL,212.1,10,2121,2958.7,0
8/4/2022,CZBIL,BUY,207.5,10,2075,883.7,10
10/9/2022,CZBIL,SELL,199,10,1990,2873.7,0
10/10/2022,CZBIL,BUY,195.2,10,1952,921.7,10
10/12/2022,CZBIL,SELL,201.1,10,2011,2932.7,0
10/16/2022,CZBIL,BUY,190.5,10,1905,1027.7,10
12/27/2022,CZBIL,SELL,187,10,1870,2897.7,0
2/2/2023,CZBIL,BUY,188.8,10,1888,1009.7,10
2/5/2023,CZBIL,SELL,191.7,10,1917,2926.7,0
2/14/2023,CZBIL,BUY,188.9,10,1889,1037.7,10
4/12/2023,CZBIL,SELL,184,10,1840,2877.7,0
4/13/2023,CZBIL,BUY,182,10,1820,1057.7,10
5/23/2023,CZBIL,SELL,177,10,1770,2827.7,0
5/30/2023,CZBIL,BUY,174.7,10,1747,1080.7,10
6/14/2023,CZBIL,SELL,176,10,1760,2840.7,0
6/20/2023,CZBIL,BUY,172,10,1720,1120.7,10
6/27/2023,CZBIL,SELL,178.9,10,1789,2909.7,0
7/2/2023,CZBIL,BUY,170.1,10,1701,1208.7,10
7/16/2023,CZBIL,SELL,173.1,10,1731,2939.7,0
9/3/2023,CZBIL,BUY,182,10,1820,1119.7,10
9/4/2023,CZBIL,SELL,184,10,1840,2959.7,0
9/7/2023,CZBIL,BUY,182,10,1820,1139.7,10
9/10/2023,CZBIL,SELL,184,10,1840,2979.7,0
9/17/2023,CZBIL,BUY,180.9,10,1809,1170.7,10
9/19/2023,CZBIL,SELL,185,10,1850,3020.7,0
9/21/2023,CZBIL,BUY,185,10,1850,1170.7,10
9/24/2023,CZBIL,SELL,187,10,1870,3040.7,0
9/25/2023,CZBIL,BUY,185,10,1850,1190.7,10
9/26/2023,CZBIL,SELL,187.9,10,1879,3069.7,0
10/1/2023,CZBIL,BUY,185.9,10,1859,1210.7,10
12/12/2023,CZBIL,SELL,173.9,10,1739,2949.7,0
1/7/2024,CZBIL,BUY,168.6,10,1686,1263.7,10
1/10/2024,CZBIL,SELL,174,10,1740,3003.7,0
1/25/2024,CZBIL,BUY,170,10,1700,1303.7,10
5/13/2024,CZBIL,SELL,161.5,10,1615,2918.7,0
5/16/2024,CZBIL,BUY,158,10,1580,1338.7,10
5/19/2024,CZBIL,SELL,164,10,1640,2978.7,0
6/26/2024,CZBIL,BUY,163,10,1630,1348.7,10
6/27/2024,CZBIL,SELL,163.7,10,1637,2985.7,0
6/30/2024,CZBIL,BUY,161.9,10,1619,1366.7,10
7/1/2024,CZBIL,SELL,166.1,10,1661,3027.7,0
9/11/2024,CZBIL,BUY,226.7,10,2267,760.7,10
9/12/2024,CZBIL,SELL,240,10,2400,3160.7,0
9/16/2024,CZBIL,BUY,230,10,2300,860.7,10
9/18/2024,CZBIL,SELL,235,10,2350,3210.7,0
9/22/2024,CZBIL,BUY,233,10,2330,880.7,10
10/6/2024,CZBIL,SELL,244.6,10,2446,3326.7,0
10/23/2024,CZBIL,BUY,242,10,2420,906.7,10
2/17/2025,CZBIL,SELL,215.5,10,2155,3061.7,0
2/23/2025,CZBIL,BUY,213.1,10,2131,930.7,10
2/24/2025,CZBIL,SELL,214.4,10,2144,3074.7,0
2/25/2025,CZBIL,BUY,213,10,2130,944.7,10
2/27/2025,CZBIL,SELL,219.7,10,2197,3141.7,0
3/11/2025,CZBIL,BUY,213,10,2130,1011.7,10
3/30/2025,CZBIL,SELL,211.94,10,2119.4,3131.1,0
4/1/2025,CZBIL,BUY,210.54,10,2105.4,1025.7,10
4/2/2025,CZBIL,SELL,212,10,2120,3145.7,0
4/9/2025,CZBIL,BUY,211.24,10,2112.4,1033.3,10
4/15/2025,CZBIL,SELL,213.68,10,2136.8,3170.1,0
4/16/2025,CZBIL,BUY,209.73,10,2097.3,1072.8,10
4/17/2025,CZBIL,SELL,212.68,10,2126.8,3199.6,0
4/20/2025,CZBIL,BUY,209.51,10,2095.1,1104.5,10
5/22/2025,CZBIL,SELL,216.18,10,2161.8,3266.3,0
6/8/2025,CZBIL,BUY,207.6,10,2076,1190.3,10
6/9/2025,CZBIL,SELL,209.31,10,2093.1,3283.4,0
6/11/2025,CZBIL,BUY,207.32,10,2073.2,1210.2,10
6/16/2025,CZBIL,SELL,208.28,10,2082.8,3293,0
6/17/2025,CZBIL,BUY,205.75,10,2057.5,1235.5,10
6/29/2025,CZBIL,SELL,207.98,10,2079.8,3315.3,0
8/12/2025,CZBIL,BUY,215.33,10,2153.3,1162,10
11/2/2025,CZBIL,SELL,212.1,10,2121,3283,0
11/3/2025,CZBIL,BUY,202,10,2020,1263,10
12/29/2025,CZBIL,SELL,195.8,10,1958,3221,0
1/14/2026,CZBIL,BUY,193,10,1930,1291,10
1/18/2026,CZBIL,SELL,196.8,10,1968,3259,0
9/27/2021,DHPL,BUY,324,10,3240,19,10
10/31/2021,DHPL,SELL,363,10,3630,3649,0
11/3/2021,DHPL,BUY,343.2,10,3432,217,10
11/16/2021,DHPL,SELL,345,10,3450,3667,0
11/28/2021,DHPL,BUY,323,10,3230,437,10
12/1/2021,DHPL,SELL,330,10,3300,3737,0
12/2/2021,DHPL,BUY,315,10,3150,587,10
1/10/2022,DHPL,SELL,315.2,10,3152,3739,0
1/26/2022,DHPL,BUY,303.2,10,3032,707,10
1/30/2022,DHPL,SELL,325,10,3250,3957,0
2/13/2022,DHPL,BUY,300,10,3000,957,10
2/14/2022,DHPL,SELL,302,10,3020,3977,0
3/6/2022,DHPL,BUY,307,10,3070,907,10
3/10/2022,DHPL,SELL,314,10,3140,4047,0
3/15/2022,DHPL,BUY,310,10,3100,947,10
7/24/2022,DHPL,SELL,218,10,2180,3127,0
8/14/2022,DHPL,BUY,203.2,10,2032,1095,10
8/15/2022,DHPL,SELL,220,10,2200,3295,0
8/25/2022,DHPL,BUY,210,10,2100,1195,10
11/27/2022,DHPL,SELL,185,10,1850,3045,0
12/5/2022,DHPL,BUY,178.9,10,1789,1256,10
12/6/2022,DHPL,SELL,179,10,1790,3046,0
12/7/2022,DHPL,BUY,175,10,1750,1296,10
12/26/2022,DHPL,SELL,182,10,1820,3116,0
3/16/2023,DHPL,BUY,229.9,10,2299,817,10
11/26/2023,DHPL,SELL,148,10,1480,2297,0
11/28/2023,DHPL,BUY,145.2,10,1452,845,10
11/29/2023,DHPL,SELL,146,10,1460,2305,0
11/30/2023,DHPL,BUY,142,10,1420,885,10
12/10/2023,DHPL,SELL,148.5,10,1485,2370,0
2/25/2024,DHPL,BUY,192.4,10,1924,446,10
3/10/2024,DHPL,SELL,204.8,10,2048,2494,0
3/14/2024,DHPL,BUY,202,10,2020,474,10
4/16/2024,DHPL,SELL,206,10,2060,2534,0
4/22/2024,DHPL,BUY,199,10,1990,544,10
4/29/2024,DHPL,SELL,200.5,10,2005,2549,0
5/5/2024,DHPL,BUY,199.3,10,1993,556,10
5/6/2024,DHPL,SELL,209.1,10,2091,2647,0
5/9/2024,DHPL,BUY,198,10,1980,667,10
5/14/2024,DHPL,SELL,202.5,10,2025,2692,0
5/15/2024,DHPL,BUY,198.9,10,1989,703,10
5/21/2024,DHPL,SELL,202,10,2020,2723,0
5/22/2024,DHPL,BUY,198,10,1980,743,10
6/11/2024,DHPL,SELL,201.6,10,2016,2759,0
6/13/2024,DHPL,BUY,196.8,10,1968,791,10
6/16/2024,DHPL,SELL,210,10,2100,2891,0
9/16/2024,DHPL,BUY,242,10,2420,471,10
10/8/2024,DHPL,SELL,250,10,2500,2971,0
10/20/2024,DHPL,BUY,247,10,2470,501,10
10/29/2024,DHPL,SELL,252,10,2520,3021,0
10/30/2024,DHPL,BUY,248,10,2480,541,10
11/6/2024,DHPL,SELL,261,10,2610,3151,0
8/11/2025,DHPL,BUY,311.77,10,3117.7,33.3,10
11/18/2025,DHPL,SELL,299,10,2990,3023.3,0
12/16/2025,DHPL,BUY,295,10,2950,73.3,10
12/17/2025,DHPL,SELL,297,10,2970,3043.3,0
12/18/2025,DHPL,BUY,294.9,10,2949,94.3,10
12/29/2025,DHPL,SELL,295.9,10,2959,3053.3,0
1/1/2026,DHPL,BUY,291.6,10,2916,137.3,10
1/18/2026,DHPL,SELL,295,10,2950,3087.3,0
9/20/2022,EDBL,BUY,297.3,10,2973,114.3,10
11/6/2022,EDBL,SELL,325.5,10,3255,3369.3,0
11/9/2022,EDBL,BUY,301,10,3010,359.3,10
12/26/2022,EDBL,SELL,310.3,10,3103,3462.3,0
2/23/2023,EDBL,BUY,337,10,3370,92.3,10
2/26/2023,EDBL,SELL,341,10,3410,3502.3,0
2/27/2023,EDBL,BUY,337.9,10,3379,123.3,10
5/23/2023,EDBL,SELL,295,10,2950,3073.3,0
5/24/2023,EDBL,BUY,292,10,2920,153.3,10
6/11/2023,EDBL,SELL,306,10,3060,3213.3,0
8/1/2023,EDBL,BUY,314,10,3140,73.3,10
8/2/2023,EDBL,SELL,324.3,10,3243,3316.3,0
8/6/2023,EDBL,BUY,309,10,3090,226.3,10
9/21/2023,EDBL,SELL,327.2,10,3272,3498.3,0
10/3/2023,EDBL,BUY,317.1,10,3171,327.3,10
10/4/2023,EDBL,SELL,325.2,10,3252,3579.3,0
10/16/2023,EDBL,BUY,313.2,10,3132,447.3,10
10/19/2023,EDBL,SELL,318.8,10,3188,3635.3,0
10/31/2023,EDBL,BUY,311,10,3110,525.3,10
11/26/2023,EDBL,SELL,316,10,3160,3685.3,0
11/27/2023,EDBL,BUY,305.1,10,3051,634.3,10
12/10/2023,EDBL,SELL,320.2,10,3202,3836.3,0
2/21/2024,EDBL,BUY,346,10,3460,376.3,10
3/7/2024,EDBL,SELL,356.5,10,3565,3941.3,0
3/26/2024,EDBL,BUY,358,10,3580,361.3,10
4/1/2024,EDBL,SELL,357,10,3570,3931.3,0
4/2/2024,EDBL,BUY,354.8,10,3548,383.3,10
4/7/2024,EDBL,SELL,356,10,3560,3943.3,0
4/21/2024,EDBL,BUY,353,10,3530,413.3,10
4/22/2024,EDBL,SELL,358.8,10,3588,4001.3,0
4/24/2024,EDBL,BUY,353.9,10,3539,462.3,10
4/28/2024,EDBL,SELL,362.7,10,3627,4089.3,0
4/25/2021,HPPL,BUY,391,10,3910,179.3,10
4/29/2021,HPPL,SELL,412,10,4120,4299.3,0
6/20/2021,HPPL,BUY,422,10,4220,79.3,10
6/22/2021,HPPL,SELL,432,10,4320,4399.3,0
6/23/2021,HPPL,BUY,412,10,4120,279.3,10
7/14/2021,HPPL,SELL,454,10,4540,4819.3,0
9/28/2021,HPPL,BUY,437.6,10,4376,443.3,10
10/31/2021,HPPL,SELL,558.9,10,5589,6032.3,0
11/1/2021,HPPL,BUY,528,10,5280,752.3,10
11/2/2021,HPPL,SELL,535,10,5350,6102.3,0
11/8/2021,HPPL,BUY,516,10,5160,942.3,10
11/16/2021,HPPL,SELL,505,10,5050,5992.3,0
11/18/2021,HPPL,BUY,491,10,4910,1082.3,10
11/21/2021,HPPL,SELL,499,10,4990,6072.3,0
11/22/2021,HPPL,BUY,492,10,4920,1152.3,10
1/6/2022,HPPL,SELL,470.9,10,4709,5861.3,0
2/28/2022,HPPL,BUY,468.9,10,4689,1172.3,10
7/24/2022,HPPL,SELL,338,10,3380,4552.3,0
8/28/2022,HPPL,BUY,354,10,3540,1012.3,10
8/30/2022,HPPL,SELL,363.1,10,3631,4643.3,0
8/31/2022,HPPL,BUY,338.2,10,3382,1261.3,10
12/29/2022,HPPL,SELL,271.9,10,2719,3980.3,0
3/5/2023,HPPL,BUY,295,10,2950,1030.3,10
3/9/2023,HPPL,SELL,311.1,10,3111,4141.3,0
3/12/2023,HPPL,BUY,304.9,10,3049,1092.3,10
5/23/2023,HPPL,SELL,292,10,2920,4012.3,0
5/28/2023,HPPL,BUY,281.6,10,2816,1196.3,10
6/6/2023,HPPL,SELL,285.9,10,2859,4055.3,0
6/21/2023,HPPL,BUY,281,10,2810,1245.3,10
6/27/2023,HPPL,SELL,285,10,2850,4095.3,0
6/28/2023,HPPL,BUY,274.9,10,2749,1346.3,10
7/11/2023,HPPL,SELL,293.7,10,2937,4283.3,0
7/25/2023,HPPL,BUY,278,10,2780,1503.3,10
12/10/2023,HPPL,SELL,220,10,2200,3703.3,0
2/25/2024,HPPL,BUY,263,10,2630,1073.3,10
2/26/2024,HPPL,SELL,270,10,2700,3773.3,0
2/29/2024,HPPL,BUY,267,10,2670,1103.3,10
3/4/2024,HPPL,SELL,288,10,2880,3983.3,0
3/17/2024,HPPL,BUY,271.1,10,2711,1272.3,10
6/11/2024,HPPL,SELL,265,10,2650,3922.3,0
6/13/2024,HPPL,BUY,260,10,2600,1322.3,10
6/16/2024,HPPL,SELL,263.9,10,2639,3961.3,0
9/10/2024,HPPL,BUY,346,10,3460,501.3,10
9/12/2024,HPPL,SELL,353.6,10,3536,4037.3,0
9/15/2024,HPPL,BUY,339,10,3390,647.3,10
11/11/2024,HPPL,SELL,357,10,3570,4217.3,0
9/18/2025,HPPL,BUY,419.4,10,4194,23.3,10
10/19/2025,HPPL,SELL,511,10,5110,5133.3,0
11/6/2025,HPPL,BUY,484,10,4840,293.3,10
11/12/2025,HPPL,SELL,485,10,4850,5143.3,0
11/18/2025,HPPL,BUY,476,10,4760,383.3,10
11/24/2025,HPPL,SELL,482,10,4820,5203.3,0
11/26/2025,HPPL,BUY,478.1,10,4781,422.3,10
11/27/2025,HPPL,SELL,480.3,10,4803,5225.3,0
12/7/2025,HPPL,BUY,470.3,10,4703,522.3,10
12/22/2025,HPPL,SELL,481.8,10,4818,5340.3,0
12/24/2025,HPPL,BUY,472,10,4720,620.3,10
1/14/2026,HPPL,SELL,478.5,10,4785,5405.3,0
6/16/2021,HURJA,BUY,359,10,3590,1815.3,10
7/19/2021,HURJA,SELL,390,10,3900,5715.3,0
9/15/2021,HURJA,BUY,485,10,4850,865.3,10
10/31/2021,HURJA,SELL,509.3,10,5093,5958.3,0
11/9/2021,HURJA,BUY,465,10,4650,1308.3,10
11/14/2021,HURJA,SELL,469,10,4690,5998.3,0
11/23/2021,HURJA,BUY,454,10,4540,1458.3,10
11/24/2021,HURJA,SELL,456,10,4560,6018.3,0
11/25/2021,HURJA,BUY,451.4,10,4514,1504.3,10
1/9/2022,HURJA,SELL,460.9,10,4609,6113.3,0
3/2/2022,HURJA,BUY,465.5,10,4655,1458.3,10
3/13/2022,HURJA,SELL,499,10,4990,6448.3,0
3/15/2022,HURJA,BUY,485,10,4850,1598.3,10
7/25/2022,HURJA,SELL,262,10,2620,4218.3,0
8/26/2022,HURJA,BUY,252.3,10,2523,1695.3,10
12/27/2022,HURJA,SELL,215,10,2150,3845.3,0
3/22/2023,HURJA,BUY,353,10,3530,315.3,10
6/11/2023,HURJA,SELL,306,10,3060,3375.3,0
6/15/2023,HURJA,BUY,284,10,2840,535.3,10
6/18/2023,HURJA,SELL,287.4,10,2874,3409.3,0
6/20/2023,HURJA,BUY,274.5,10,2745,664.3,10
6/25/2023,HURJA,SELL,290.9,10,2909,3573.3,0
6/28/2023,HURJA,BUY,272,10,2720,853.3,10
7/16/2023,HURJA,SELL,274,10,2740,3593.3,0
7/18/2023,HURJA,BUY,264,10,2640,953.3,10
7/23/2023,HURJA,SELL,274,10,2740,3693.3,0
7/24/2023,HURJA,BUY,269,10,2690,1003.3,10
9/21/2023,HURJA,SELL,247,10,2470,3473.3,0
9/24/2023,HURJA,BUY,234.9,10,2349,1124.3,10
9/25/2023,HURJA,SELL,258.3,10,2583,3707.3,0
10/8/2023,HURJA,BUY,233,10,2330,1377.3,10
11/26/2023,HURJA,SELL,226.9,10,2269,3646.3,0
11/27/2023,HURJA,BUY,225.9,10,2259,1387.3,10
12/10/2023,HURJA,SELL,240.7,10,2407,3794.3,0
2/29/2024,HURJA,BUY,283.9,10,2839,955.3,10
3/4/2024,HURJA,SELL,307,10,3070,4025.3,0
3/19/2024,HURJA,BUY,295,10,2950,1075.3,10
3/28/2024,HURJA,SELL,315.7,10,3157,4232.3,0
4/3/2024,HURJA,BUY,300,10,3000,1232.3,10
5/13/2024,HURJA,SELL,304.1,10,3041,4273.3,0
5/14/2024,HURJA,BUY,290,10,2900,1373.3,10
6/13/2024,HURJA,SELL,292,10,2920,4293.3,0
6/26/2024,HURJA,BUY,283.1,10,2831,1462.3,10
7/1/2024,HURJA,SELL,299.6,10,2996,4458.3,0
7/2/2024,HURJA,BUY,281,10,2810,1648.3,10
8/12/2024,HURJA,SELL,260,10,2600,4248.3,0
8/27/2024,HURJA,BUY,235,10,2350,1898.3,10
9/2/2024,HURJA,SELL,253,10,2530,4428.3,0
9/4/2024,HURJA,BUY,240,10,2400,2028.3,10
9/29/2024,HURJA,BUY,201,10,2010,18.3,20
11/17/2024,HURJA,SELL,235,10,2350,2368.3,10
11/19/2024,HURJA,SELL,243,10,2430,4798.3,0
12/18/2024,HURJA,BUY,230,10,2300,2498.3,10
12/19/2024,HURJA,BUY,223.6,10,2236,262.3,20
12/24/2024,HURJA,SELL,232.6,10,2326,2588.3,10
12/26/2024,HURJA,BUY,229.9,10,2299,289.3,20
1/6/2025,HURJA,SELL,237,10,2370,2659.3,10
1/7/2025,HURJA,SELL,236,10,2360,5019.3,0
1/13/2025,HURJA,BUY,228.6,10,2286,2733.3,10
1/15/2025,HURJA,BUY,229.9,10,2299,434.3,20
1/22/2025,HURJA,SELL,236,10,2360,2794.3,10
1/23/2025,HURJA,BUY,235,10,2350,444.3,20
1/28/2025,HURJA,SELL,241.3,10,2413,2857.3,10
2/2/2025,HURJA,SELL,253.3,10,2533,5390.3,0
3/18/2025,HURJA,BUY,243.5,10,2435,2955.3,10
3/19/2025,HURJA,BUY,241.9,10,2419,536.3,20
4/28/2025,HURJA,SELL,250.41,10,2504.1,3040.4,10
4/29/2025,HURJA,SELL,247.61,10,2476.1,5516.5,0
5/27/2025,HURJA,BUY,246.42,10,2464.2,3052.3,10
5/28/2025,HURJA,SELL,253.03,10,2530.3,5582.6,0
6/3/2025,HURJA,BUY,246.11,10,2461.1,3121.5,10
6/4/2025,HURJA,BUY,245.66,10,2456.6,664.9,20
6/5/2025,HURJA,SELL,249.15,10,2491.5,3156.4,10
6/8/2025,HURJA,SELL,254.3,10,2543,5699.4,0
6/26/2025,HURJA,BUY,253.43,10,2534.3,3165.1,10
6/29/2025,HURJA,SELL,254.17,10,2541.7,5706.8,0
6/30/2025,HURJA,BUY,253.35,10,2533.5,3173.3,10
7/1/2025,HURJA,SELL,256.34,10,2563.4,5736.7,0
7/2/2025,HURJA,BUY,254.39,10,2543.9,3192.8,10
7/3/2025,HURJA,BUY,252.9,10,2529,663.8,20
7/17/2025,HURJA,SELL,260.41,10,2604.1,3267.9,10
7/20/2025,HURJA,SELL,257.67,10,2576.7,5844.6,0
7/31/2025,HURJA,BUY,254.25,10,2542.5,3302.1,10
8/3/2025,HURJA,BUY,251.31,10,2513.1,789,20
11/2/2025,HURJA,SELL,237,10,2370,3159,10
11/3/2025,HURJA,BUY,231,10,2310,849,20
11/18/2025,HURJA,SELL,227.2,10,2272,3121,10
11/19/2025,HURJA,BUY,224,10,2240,881,20
11/23/2025,HURJA,SELL,230.3,10,2303,3184,10
11/24/2025,HURJA,SELL,233,10,2330,5514,0
12/8/2025,HURJA,BUY,222,10,2220,3294,10
12/9/2025,HURJA,BUY,222.8,10,2228,1066,20
12/17/2025,HURJA,SELL,224.7,10,2247,3313,10
12/18/2025,HURJA,BUY,222,10,2220,1093,20
12/28/2025,HURJA,SELL,225.8,10,2258,3351,10
12/29/2025,HURJA,SELL,224,10,2240,5591,0
1/1/2026,HURJA,BUY,221.1,10,2211,3380,10
1/4/2026,HURJA,BUY,219.9,10,2199,1181,20
1/18/2026,HURJA,SELL,225.8,10,2258,3439,10
1/20/2026,HURJA,SELL,231.5,10,2315,5754,0
4/26/2021,ICFC,BUY,304,10,3040,2714,10
4/27/2021,ICFC,SELL,313,10,3130,5844,0
4/28/2021,ICFC,BUY,308,10,3080,2764,10
5/2/2021,ICFC,SELL,315,10,3150,5914,0
12/12/2021,ICFC,BUY,580,10,5800,114,10
1/13/2022,ICFC,SELL,775,10,7750,7864,0
1/24/2022,ICFC,BUY,705,10,7050,814,10
1/30/2022,ICFC,SELL,732,10,7320,8134,0
2/13/2022,ICFC,BUY,672,10,6720,1414,10
2/14/2022,ICFC,SELL,679,10,6790,8204,0
2/28/2022,ICFC,BUY,678,10,6780,1424,10
7/3/2022,ICFC,SELL,468.1,10,4681,6105,0
7/5/2022,ICFC,BUY,437.2,10,4372,1733,10
7/6/2022,ICFC,SELL,453,10,4530,6263,0
7/8/2022,ICFC,BUY,435.4,10,4354,1909,10
7/13/2022,ICFC,SELL,440,10,4400,6309,0
8/28/2022,ICFC,BUY,483,10,4830,1479,10
11/27/2022,ICFC,SELL,457,10,4570,6049,0
12/1/2022,ICFC,BUY,445,10,4450,1599,10
12/27/2022,ICFC,SELL,450,10,4500,6099,0
2/16/2023,ICFC,BUY,451,10,4510,1589,10
2/22/2023,ICFC,SELL,456.7,10,4567,6156,0
2/23/2023,ICFC,BUY,442.1,10,4421,1735,10
2/26/2023,ICFC,SELL,459.9,10,4599,6334,0
2/27/2023,ICFC,BUY,448.3,10,4483,1851,10
5/22/2023,ICFC,SELL,419,10,4190,6041,0
5/30/2023,ICFC,BUY,407,10,4070,1971,10
6/4/2023,ICFC,SELL,419,10,4190,6161,0
6/5/2023,ICFC,BUY,411,10,4110,2051,10
6/6/2023,ICFC,SELL,417.5,10,4175,6226,0
8/3/2023,ICFC,BUY,478,10,4780,1446,10
9/21/2023,ICFC,SELL,494.5,10,4945,6391,0
9/25/2023,ICFC,BUY,485,10,4850,1541,10
9/26/2023,ICFC,SELL,490,10,4900,6441,0
10/1/2023,ICFC,BUY,479,10,4790,1651,10
12/10/2023,ICFC,SELL,474,10,4740,6391,0
2/13/2024,ICFC,BUY,477,10,4770,1621,10
2/14/2024,ICFC,SELL,507.2,10,5072,6693,0
2/18/2024,ICFC,BUY,475.3,10,4753,1940,10
2/21/2024,ICFC,SELL,485,10,4850,6790,0
2/28/2024,ICFC,BUY,485,10,4850,1940,10
3/4/2024,ICFC,SELL,501,10,5010,6950,0
3/5/2024,ICFC,BUY,484,10,4840,2110,10
3/10/2024,ICFC,SELL,493,10,4930,7040,0
4/22/2024,ICFC,BUY,492,10,4920,2120,10
4/25/2024,ICFC,SELL,505,10,5050,7170,0
5/29/2024,ICFC,BUY,511,10,5110,2060,10
6/2/2024,ICFC,SELL,519,10,5190,7250,0
6/5/2024,ICFC,BUY,512.1,10,5121,2129,10
6/11/2024,ICFC,SELL,517.9,10,5179,7308,0
9/16/2024,ICFC,BUY,708,10,7080,228,10
10/6/2024,ICFC,SELL,758,10,7580,7808,0
10/8/2024,ICFC,BUY,728,10,7280,528,10
10/15/2024,ICFC,SELL,772,10,7720,8248,0
10/21/2024,ICFC,BUY,731,10,7310,938,10
10/22/2024,ICFC,SELL,749,10,7490,8428,0
11/21/2024,ICFC,BUY,752,10,7520,908,10
11/25/2024,ICFC,SELL,769,10,7690,8598,0
12/2/2024,ICFC,BUY,745,10,7450,1148,10
12/3/2024,ICFC,SELL,760.5,10,7605,8753,0
12/4/2024,ICFC,BUY,753,10,7530,1223,10
2/16/2025,ICFC,SELL,685.5,10,6855,8078,0
2/18/2025,ICFC,BUY,670,10,6700,1378,10
3/2/2025,ICFC,SELL,675.8,10,6758,8136,0
3/5/2025,ICFC,BUY,654,10,6540,1596,10
5/8/2025,ICFC,SELL,653.1,10,6531,8127,0
5/13/2025,ICFC,BUY,610.27,10,6102.7,2024.3,10
5/20/2025,ICFC,SELL,628.21,10,6282.1,8306.4,0
6/4/2025,ICFC,BUY,600.77,10,6007.7,2298.7,10
6/10/2025,ICFC,SELL,622.57,10,6225.7,8524.4,0
6/22/2025,ICFC,BUY,598.7,10,5987,2537.4,10
6/23/2025,ICFC,SELL,606.16,10,6061.6,8599,0
6/24/2025,ICFC,BUY,599.68,10,5996.8,2602.2,10
7/1/2025,ICFC,SELL,606.53,10,6065.3,8667.5,0
9/3/2025,ICFC,BUY,657.04,10,6570.4,2097.1,10
9/4/2025,ICFC,SELL,661.66,10,6616.6,8713.7,0
9/7/2025,ICFC,BUY,659.57,10,6595.7,2118,10
9/23/2025,ICFC,SELL,675,10,6750,8868,0
9/24/2025,ICFC,BUY,658.5,10,6585,2283,10
11/3/2025,ICFC,SELL,660,10,6600,8883,0
11/4/2025,ICFC,BUY,645,10,6450,2433,10
11/5/2025,ICFC,SELL,668,10,6680,9113,0
11/6/2025,ICFC,BUY,652,10,6520,2593,10
11/24/2025,ICFC,SELL,643,10,6430,9023,0
11/30/2025,ICFC,BUY,639,10,6390,2633,10
12/1/2025,ICFC,SELL,644.9,10,6449,9082,0
12/7/2025,ICFC,BUY,630,10,6300,2782,10
12/17/2025,ICFC,SELL,633,10,6330,9112,0
12/18/2025,ICFC,BUY,624,10,6240,2872,10
12/28/2025,ICFC,SELL,640,10,6400,9272,0
1/1/2026,ICFC,BUY,627,10,6270,3002,10
1/4/2026,ICFC,SELL,630,10,6300,9302,0
1/5/2026,ICFC,BUY,629.2,10,6292,3010,10
1/6/2026,ICFC,SELL,651,10,6510,9520,0
9/20/2021,JBBL,BUY,500,10,5000,4520,10
9/22/2021,JBBL,SELL,549,10,5490,10010,0
9/26/2021,JBBL,BUY,517,10,5170,4840,10
9/30/2021,JBBL,BUY,483,10,4830,10,20
10/31/2021,JBBL,SELL,560,10,5600,5610,10
11/1/2021,JBBL,SELL,558,10,5580,11190,0
11/28/2021,JBBL,BUY,502,10,5020,6170,10
11/29/2021,JBBL,BUY,494.2,10,4942,1228,20
1/16/2022,JBBL,SELL,483,10,4830,6058,10
1/17/2022,JBBL,SELL,480,10,4800,10858,0
1/18/2022,JBBL,BUY,470,10,4700,6158,10
1/19/2022,JBBL,BUY,461.1,10,4611,1547,20
1/20/2022,JBBL,SELL,479,10,4790,6337,10
1/23/2022,JBBL,BUY,465,10,4650,1687,20
1/30/2022,JBBL,SELL,460,10,4600,6287,10
1/31/2022,JBBL,BUY,447,10,4470,1817,20
2/1/2022,JBBL,SELL,454,10,4540,6357,10
2/3/2022,JBBL,BUY,447,10,4470,1887,20
7/19/2022,JBBL,SELL,307,10,3070,4957,10
7/20/2022,JBBL,SELL,307,10,3070,8027,0
7/21/2022,JBBL,BUY,301,10,3010,5017,10
7/22/2022,JBBL,BUY,299,10,2990,2027,20
7/24/2022,JBBL,SELL,316,10,3160,5187,10
7/25/2022,JBBL,SELL,330,10,3300,8487,0
8/11/2022,JBBL,BUY,298,10,2980,5507,10
8/14/2022,JBBL,BUY,297.5,10,2975,2532,20
8/15/2022,JBBL,SELL,316,10,3160,5692,10
8/16/2022,JBBL,SELL,305,10,3050,8742,0
8/25/2022,JBBL,BUY,305,10,3050,5692,10
8/26/2022,JBBL,BUY,300,10,3000,2692,20
9/20/2022,JBBL,BUY,266.9,10,2669,23,30
11/2/2022,JBBL,SELL,287.5,10,2875,2898,20
11/3/2022,JBBL,BUY,282,10,2820,78,30
11/6/2022,JBBL,SELL,295,10,2950,3028,20
11/7/2022,JBBL,SELL,289,10,2890,5918,10
11/8/2022,JBBL,SELL,286.8,10,2868,8786,0
11/9/2022,JBBL,BUY,277.9,10,2779,6007,10
11/10/2022,JBBL,BUY,270.1,10,2701,3306,20
11/13/2022,JBBL,BUY,272,10,2720,586,30
11/16/2022,JBBL,SELL,281,10,2810,3396,20
11/17/2022,JBBL,SELL,289,10,2890,6286,10
11/22/2022,JBBL,SELL,284,10,2840,9126,0
12/7/2022,JBBL,BUY,277,10,2770,6356,10
12/11/2022,JBBL,BUY,271.1,10,2711,3645,20
12/12/2022,JBBL,SELL,280,10,2800,6445,10
12/13/2022,JBBL,SELL,280,10,2800,9245,0
12/14/2022,JBBL,BUY,275,10,2750,6495,10
12/15/2022,JBBL,BUY,274,10,2740,3755,20
12/18/2022,JBBL,BUY,269,10,2690,1065,30
12/26/2022,JBBL,SELL,288.5,10,2885,3950,20
12/27/2022,JBBL,SELL,295,10,2950,6900,10
12/28/2022,JBBL,SELL,288,10,2880,9780,0
2/12/2023,JBBL,BUY,296,10,2960,6820,10
2/14/2023,JBBL,BUY,292,10,2920,3900,20
2/15/2023,JBBL,BUY,287,10,2870,1030,30
4/12/2023,JBBL,SELL,281.8,10,2818,3848,20
4/13/2023,JBBL,BUY,276.9,10,2769,1079,30
5/18/2023,JBBL,SELL,267,10,2670,3749,20
5/21/2023,JBBL,SELL,267,10,2670,6419,10
5/22/2023,JBBL,BUY,265.1,10,2651,3768,20
5/23/2023,JBBL,SELL,273.5,10,2735,6503,10
5/24/2023,JBBL,SELL,273,10,2730,9233,0
5/30/2023,JBBL,BUY,262,10,2620,6613,10
5/31/2023,JBBL,BUY,255,10,2550,4063,20
6/1/2023,JBBL,BUY,255,10,2550,1513,30
6/4/2023,JBBL,SELL,265.5,10,2655,4168,20
6/5/2023,JBBL,BUY,262,10,2620,1548,30
6/6/2023,JBBL,SELL,264.1,10,2641,4189,20
6/7/2023,JBBL,SELL,267,10,2670,6859,10
6/8/2023,JBBL,SELL,267,10,2670,9529,0
8/24/2023,JBBL,BUY,307,10,3070,6459,10
8/27/2023,JBBL,BUY,304,10,3040,3419,20
8/28/2023,JBBL,BUY,307,10,3070,349,30
9/21/2023,JBBL,SELL,314,10,3140,3489,20
9/24/2023,JBBL,BUY,311,10,3110,379,30
10/18/2023,JBBL,SELL,310,10,3100,3479,20
10/19/2023,JBBL,BUY,294.7,10,2947,532,30
12/10/2023,JBBL,SELL,297,10,2970,3502,20
12/11/2023,JBBL,BUY,287,10,2870,632,30
12/12/2023,JBBL,SELL,294.9,10,2949,3581,20
12/13/2023,JBBL,SELL,300,10,3000,6581,10
12/14/2023,JBBL,SELL,302,10,3020,9601,0
1/7/2024,JBBL,BUY,285,10,2850,6751,10
1/8/2024,JBBL,SELL,293,10,2930,9681,0
2/18/2024,JBBL,BUY,297,10,2970,6711,10
2/20/2024,JBBL,BUY,297.9,10,2979,3732,20
2/21/2024,JBBL,BUY,297.8,10,2978,754,30
3/4/2024,JBBL,SELL,304.9,10,3049,3803,20
3/5/2024,JBBL,BUY,291,10,2910,893,30
3/12/2024,JBBL,SELL,306,10,3060,3953,20
3/13/2024,JBBL,SELL,304,10,3040,6993,10
3/14/2024,JBBL,BUY,298.1,10,2981,4012,20
3/17/2024,JBBL,SELL,303.4,10,3034,7046,10
3/18/2024,JBBL,SELL,306,10,3060,10106,0
3/21/2024,JBBL,BUY,300,10,3000,7106,10
3/25/2024,JBBL,BUY,293,10,2930,4176,20
3/26/2024,JBBL,BUY,295,10,2950,1226,30
4/9/2024,JBBL,SELL,299,10,2990,4216,20
4/10/2024,JBBL,BUY,294,10,2940,1276,30
4/30/2024,JBBL,SELL,305,10,3050,4326,20
5/2/2024,JBBL,SELL,294.6,10,2946,7272,10
5/5/2024,JBBL,BUY,289,10,2890,4382,20
5/6/2024,JBBL,BUY,292,10,2920,1462,30
5/12/2024,JBBL,SELL,295,10,2950,4412,20
5/13/2024,JBBL,SELL,297,10,2970,7382,10
5/14/2024,JBBL,SELL,299,10,2990,10372,0
5/30/2024,JBBL,BUY,291,10,2910,7462,10
6/2/2024,JBBL,BUY,292,10,2920,4542,20
6/3/2024,JBBL,BUY,288.1,10,2881,1661,30
6/13/2024,JBBL,SELL,293.1,10,2931,4592,20
6/16/2024,JBBL,BUY,288.8,10,2888,1704,30
7/2/2024,JBBL,SELL,290,10,2900,4604,20
7/3/2024,JBBL,SELL,299.9,10,2999,7603,10
7/4/2024,JBBL,SELL,312,10,3120,10723,0
9/11/2024,JBBL,BUY,356,10,3560,7163,10
9/12/2024,JBBL,SELL,369,10,3690,10853,0
9/15/2024,JBBL,BUY,354,10,3540,7313,10
9/16/2024,JBBL,BUY,346,10,3460,3853,20
9/18/2024,JBBL,BUY,343,10,3430,423,30
10/16/2024,JBBL,SELL,369,10,3690,4113,20
10/17/2024,JBBL,BUY,365,10,3650,463,30
11/10/2024,JBBL,SELL,377,10,3770,4233,20
11/11/2024,JBBL,SELL,376,10,3760,7993,10
11/12/2024,JBBL,SELL,372,10,3720,11713,0
12/16/2024,JBBL,BUY,367,10,3670,8043,10
12/17/2024,JBBL,BUY,365,10,3650,4393,20
12/18/2024,JBBL,BUY,367,10,3670,723,30
12/24/2024,JBBL,SELL,371.9,10,3719,4442,20
12/26/2024,JBBL,BUY,368,10,3680,762,30
1/6/2025,JBBL,SELL,373,10,3730,4492,20
1/7/2025,JBBL,BUY,369,10,3690,802,30
1/8/2025,JBBL,SELL,377,10,3770,4572,20
1/9/2025,JBBL,BUY,372,10,3720,852,30
3/2/2025,JBBL,SELL,375.4,10,3754,4606,20
3/3/2025,JBBL,SELL,367,10,3670,8276,10
3/4/2025,JBBL,SELL,366,10,3660,11936,0
3/10/2025,JBBL,BUY,358,10,3580,8356,10
3/11/2025,JBBL,SELL,370,10,3700,12056,0
3/16/2025,JBBL,BUY,358,10,3580,8476,10
3/17/2025,JBBL,BUY,356.2,10,3562,4914,20
3/18/2025,JBBL,BUY,353.3,10,3533,1381,30
5/22/2025,JBBL,SELL,340.55,10,3405.5,4786.5,20
5/25/2025,JBBL,BUY,337.19,10,3371.9,1414.6,30
5/28/2025,JBBL,SELL,338.24,10,3382.4,4797,20
6/2/2025,JBBL,BUY,333.99,10,3339.9,1457.1,30
7/2/2025,JBBL,SELL,332.36,10,3323.6,4780.7,20
7/3/2025,JBBL,SELL,337.49,10,3374.9,8155.6,10
7/6/2025,JBBL,SELL,332.66,10,3326.6,11482.2,0
7/7/2025,JBBL,BUY,325.76,10,3257.6,8224.6,10
7/8/2025,JBBL,BUY,327.09,10,3270.9,4953.7,20
7/9/2025,JBBL,SELL,331.21,10,3312.1,8265.8,10
7/10/2025,JBBL,SELL,338.28,10,3382.8,11648.6,0
8/17/2025,JBBL,BUY,338.13,10,3381.3,8267.3,10
8/18/2025,JBBL,BUY,338.86,10,3388.6,4878.7,20
8/19/2025,JBBL,BUY,340.24,10,3402.4,1476.3,30
8/27/2025,JBBL,SELL,347.68,10,3476.8,4953.1,20
8/28/2025,JBBL,BUY,336.45,10,3364.5,1588.6,30
11/24/2025,JBBL,SELL,327.8,10,3278,4866.6,20
11/25/2025,JBBL,SELL,323.9,10,3239,8105.6,10
11/26/2025,JBBL,SELL,324.5,10,3245,11350.6,0
12/7/2025,JBBL,BUY,320,10,3200,8150.6,10
12/8/2025,JBBL,BUY,320.4,10,3204,4946.6,20
12/9/2025,JBBL,BUY,318.6,10,3186,1760.6,30
12/15/2025,JBBL,SELL,321.5,10,3215,4975.6,20
12/16/2025,JBBL,SELL,326,10,3260,8235.6,10
12/17/2025,JBBL,SELL,326,10,3260,11495.6,0
12/18/2025,JBBL,BUY,319,10,3190,8305.6,10
12/21/2025,JBBL,BUY,316.1,10,3161,5144.6,20
12/22/2025,JBBL,BUY,317,10,3170,1974.6,30
12/23/2025,JBBL,SELL,319.5,10,3195,5169.6,20
12/24/2025,JBBL,BUY,318,10,3180,1989.6,30
12/28/2025,JBBL,SELL,326.9,10,3269,5258.6,20
12/29/2025,JBBL,SELL,323.9,10,3239,8497.6,10
12/31/2025,JBBL,SELL,326.3,10,3263,11760.6,0
9/20/2021,JOSHI,BUY,345,10,3450,8310.6,10
9/21/2021,JOSHI,BUY,355,10,3550,4760.6,20
9/22/2021,JOSHI,SELL,387.6,10,3876,8636.6,10
9/23/2021,JOSHI,BUY,374,10,3740,4896.6,20
9/26/2021,JOSHI,BUY,351.2,10,3512,1384.6,30
10/31/2021,JOSHI,SELL,383,10,3830,5214.6,20
11/1/2021,JOSHI,SELL,376,10,3760,8974.6,10
11/2/2021,JOSHI,SELL,379,10,3790,12764.6,0
11/8/2021,JOSHI,BUY,358,10,3580,9184.6,10
11/9/2021,JOSHI,BUY,343,10,3430,5754.6,20
11/11/2021,JOSHI,BUY,328.3,10,3283,2471.6,30
11/16/2021,JOSHI,SELL,369,10,3690,6161.6,20
11/17/2021,JOSHI,SELL,395,10,3950,10111.6,10
11/18/2021,JOSHI,SELL,395,10,3950,14061.6,0
12/12/2021,JOSHI,BUY,318,10,3180,10881.6,10
12/13/2021,JOSHI,BUY,297.9,10,2979,7902.6,20
12/14/2021,JOSHI,BUY,320.2,10,3202,4700.6,30
12/15/2021,JOSHI,BUY,321,10,3210,1490.6,40
1/16/2022,JOSHI,SELL,347,10,3470,4960.6,30
1/17/2022,JOSHI,SELL,351.5,10,3515,8475.6,20
1/18/2022,JOSHI,BUY,339,10,3390,5085.6,30
1/19/2022,JOSHI,BUY,328,10,3280,1805.6,40
2/15/2022,JOSHI,SELL,326,10,3260,5065.6,30
2/16/2022,JOSHI,BUY,315.1,10,3151,1914.6,40
2/22/2022,JOSHI,SELL,322,10,3220,5134.6,30
2/23/2022,JOSHI,SELL,337,10,3370,8504.6,20
2/24/2022,JOSHI,SELL,325.5,10,3255,11759.6,10
2/27/2022,JOSHI,SELL,329,10,3290,15049.6,0
2/28/2022,JOSHI,BUY,315.6,10,3156,11893.6,10
3/2/2022,JOSHI,BUY,306,10,3060,8833.6,20
3/6/2022,JOSHI,BUY,306,10,3060,5773.6,30
3/7/2022,JOSHI,BUY,299,10,2990,2783.6,40
3/13/2022,JOSHI,SELL,320,10,3200,5983.6,30
3/14/2022,JOSHI,BUY,315,10,3150,2833.6,40
3/28/2022,JOSHI,BUY,282.7,10,2827,6.6,50
7/24/2022,JOSHI,SELL,208,10,2080,2086.6,40
7/25/2022,JOSHI,SELL,222,10,2220,4306.6,30
7/26/2022,JOSHI,SELL,215.8,10,2158,6464.6,20
7/27/2022,JOSHI,SELL,226,10,2260,8724.6,10
7/28/2022,JOSHI,SELL,234,10,2340,11064.6,0
8/26/2022,JOSHI,BUY,216,10,2160,8904.6,10
8/28/2022,JOSHI,BUY,209.6,10,2096,6808.6,20
8/29/2022,JOSHI,BUY,210,10,2100,4708.6,30
8/30/2022,JOSHI,BUY,208,10,2080,2628.6,40
8/31/2022,JOSHI,BUY,203,10,2030,598.6,50
9/4/2022,JOSHI,SELL,223.8,10,2238,2836.6,40
9/5/2022,JOSHI,BUY,217,10,2170,666.6,50
11/6/2022,JOSHI,SELL,202,10,2020,2686.6,40
11/7/2022,JOSHI,BUY,198,10,1980,706.6,50
11/24/2022,JOSHI,SELL,192,10,1920,2626.6,40
11/27/2022,JOSHI,SELL,194,10,1940,4566.6,30
11/28/2022,JOSHI,BUY,190,10,1900,2666.6,40
11/29/2022,JOSHI,SELL,197,10,1970,4636.6,30
11/30/2022,JOSHI,SELL,194.5,10,1945,6581.6,20
12/1/2022,JOSHI,SELL,193.2,10,1932,8513.6,10
12/4/2022,JOSHI,SELL,190,10,1900,10413.6,0
12/5/2022,JOSHI,BUY,185,10,1850,8563.6,10
12/6/2022,JOSHI,BUY,187,10,1870,6693.6,20
12/7/2022,JOSHI,BUY,183.5,10,1835,4858.6,30
12/11/2022,JOSHI,BUY,180,10,1800,3058.6,40
12/12/2022,JOSHI,SELL,188,10,1880,4938.6,30
12/13/2022,JOSHI,SELL,188.7,10,1887,6825.6,20
12/14/2022,JOSHI,SELL,189,10,1890,8715.6,10
12/15/2022,JOSHI,BUY,185,10,1850,6865.6,20
12/18/2022,JOSHI,BUY,184.9,10,1849,5016.6,30
12/19/2022,JOSHI,BUY,185,10,1850,3166.6,40
12/20/2022,JOSHI,BUY,184,10,1840,1326.6,50
12/26/2022,JOSHI,SELL,195,10,1950,3276.6,40
12/27/2022,JOSHI,SELL,196,10,1960,5236.6,30
12/28/2022,JOSHI,SELL,193,10,1930,7166.6,20
12/29/2022,JOSHI,SELL,205,10,2050,9216.6,10
1/1/2023,JOSHI,SELL,204,10,2040,11256.6,0
3/30/2023,JOSHI,BUY,265,10,2650,8606.6,10
4/2/2023,JOSHI,BUY,260,10,2600,6006.6,20
4/3/2023,JOSHI,BUY,260,10,2600,3406.6,30
4/4/2023,JOSHI,BUY,256,10,2560,846.6,40
4/12/2023,JOSHI,SELL,284,10,2840,3686.6,30
4/13/2023,JOSHI,SELL,275,10,2750,6436.6,20
4/16/2023,JOSHI,BUY,273.2,10,2732,3704.6,30
4/17/2023,JOSHI,BUY,272.8,10,2728,976.6,40
4/18/2023,JOSHI,SELL,289.3,10,2893,3869.6,30
4/19/2023,JOSHI,SELL,282,10,2820,6689.6,20
4/20/2023,JOSHI,SELL,282.5,10,2825,9514.6,10
4/23/2023,JOSHI,SELL,277,10,2770,12284.6,0
4/24/2023,JOSHI,BUY,275,10,2750,9534.6,10
4/25/2023,JOSHI,SELL,278,10,2780,12314.6,0
4/27/2023,JOSHI,BUY,273.5,10,2735,9579.6,10
4/30/2023,JOSHI,BUY,269,10,2690,6889.6,20
5/2/2023,JOSHI,BUY,263.8,10,2638,4251.6,30
5/3/2023,JOSHI,BUY,260,10,2600,1651.6,40
5/18/2023,JOSHI,SELL,272.9,10,2729,4380.6,30
5/21/2023,JOSHI,BUY,265.1,10,2651,1729.6,40
5/23/2023,JOSHI,SELL,278,10,2780,4509.6,30
5/24/2023,JOSHI,SELL,275,10,2750,7259.6,20
5/28/2023,JOSHI,SELL,269,10,2690,9949.6,10
5/30/2023,JOSHI,SELL,279.6,10,2796,12745.6,0
5/31/2023,JOSHI,BUY,268,10,2680,10065.6,10
6/1/2023,JOSHI,SELL,286.6,10,2866,12931.6,0
6/22/2023,JOSHI,BUY,265.5,10,2655,10276.6,10
6/25/2023,JOSHI,SELL,273.9,10,2739,13015.6,0
6/26/2023,JOSHI,BUY,270,10,2700,10315.6,10
6/27/2023,JOSHI,SELL,291,10,2910,13225.6,0
7/2/2023,JOSHI,BUY,267,10,2670,10555.6,10
7/3/2023,JOSHI,BUY,264,10,2640,7915.6,20
7/4/2023,JOSHI,BUY,265,10,2650,5265.6,30
7/5/2023,JOSHI,BUY,254,10,2540,2725.6,40
7/6/2023,JOSHI,SELL,277.7,10,2777,5502.6,30
7/9/2023,JOSHI,BUY,268,10,2680,2822.6,40
7/10/2023,JOSHI,BUY,258,10,2580,242.6,50
7/12/2023,JOSHI,SELL,272,10,2720,2962.6,40
7/13/2023,JOSHI,BUY,268,10,2680,282.6,50
12/10/2023,JOSHI,SELL,209,10,2090,2372.6,40
12/11/2023,JOSHI,SELL,210.1,10,2101,4473.6,30
12/12/2023,JOSHI,SELL,219,10,2190,6663.6,20
12/13/2023,JOSHI,SELL,220,10,2200,8863.6,10
12/14/2023,JOSHI,SELL,225,10,2250,11113.6,0
4/16/2024,JOSHI,BUY,330.1,10,3301,7812.6,10
4/18/2024,JOSHI,SELL,345,10,3450,11262.6,0
4/25/2024,JOSHI,BUY,337,10,3370,7892.6,10
4/28/2024,JOSHI,BUY,339,10,3390,4502.6,20
4/29/2024,JOSHI,BUY,340,10,3400,1102.6,30
7/14/2024,JOSHI,SELL,304.5,10,3045,4147.6,20
7/15/2024,JOSHI,BUY,298.1,10,2981,1166.6,30
7/16/2024,JOSHI,SELL,319,10,3190,4356.6,20
7/17/2024,JOSHI,SELL,327.2,10,3272,7628.6,10
7/18/2024,JOSHI,SELL,326,10,3260,10888.6,0
9/1/2024,JOSHI,BUY,319,10,3190,7698.6,10
9/2/2024,JOSHI,SELL,350,10,3500,11198.6,0
9/8/2024,JOSHI,BUY,326.1,10,3261,7937.6,10
9/9/2024,JOSHI,BUY,324,10,3240,4697.6,20
9/10/2024,JOSHI,BUY,322,10,3220,1477.6,30
11/10/2024,JOSHI,SELL,325,10,3250,4727.6,20
11/11/2024,JOSHI,SELL,338,10,3380,8107.6,10
11/12/2024,JOSHI,SELL,335,10,3350,11457.6,0
1/26/2025,JOSHI,BUY,408,10,4080,7377.6,10
1/27/2025,JOSHI,BUY,410,10,4100,3277.6,20
1/28/2025,JOSHI,SELL,415,10,4150,7427.6,10
2/2/2025,JOSHI,BUY,412,10,4120,3307.6,20
2/4/2025,JOSHI,SELL,451.8,10,4518,7825.6,10
2/5/2025,JOSHI,SELL,445,10,4450,12275.6,0
2/10/2025,JOSHI,BUY,421,10,4210,8065.6,10
2/11/2025,JOSHI,BUY,419,10,4190,3875.6,20
3/16/2025,JOSHI,BUY,383.1,10,3831,44.6,30
5/11/2025,JOSHI,SELL,418.8,10,4188,4232.6,20
5/13/2025,JOSHI,SELL,447.61,10,4476.1,8708.7,10
5/14/2025,JOSHI,SELL,435.73,10,4357.3,13066,0
5/18/2025,JOSHI,BUY,382.02,10,3820.2,9245.8,10
5/19/2025,JOSHI,BUY,381.91,10,3819.1,5426.7,20
5/20/2025,JOSHI,SELL,405.36,10,4053.6,9480.3,10
5/21/2025,JOSHI,SELL,396.03,10,3960.3,13440.6,0
6/22/2025,JOSHI,BUY,348.6,10,3486,9954.6,10
6/23/2025,JOSHI,BUY,383.4,10,3834,6120.6,20
6/24/2025,JOSHI,SELL,401.07,10,4010.7,10131.3,10
6/25/2025,JOSHI,BUY,362.92,10,3629.2,6502.1,20
6/26/2025,JOSHI,BUY,346.78,10,3467.8,3034.3,30
8/31/2025,JOSHI,BUY,301.7,10,3017,17.3,40
11/2/2025,JOSHI,SELL,314,10,3140,3157.3,30
11/3/2025,JOSHI,SELL,311.5,10,3115,6272.3,20
11/4/2025,JOSHI,SELL,320,10,3200,9472.3,10
11/5/2025,JOSHI,SELL,320.5,10,3205,12677.3,0
11/11/2025,JOSHI,BUY,304.6,10,3046,9631.3,10
11/12/2025,JOSHI,SELL,307.7,10,3077,12708.3,0
12/7/2025,JOSHI,BUY,310.7,10,3107,9601.3,10
12/8/2025,JOSHI,BUY,309.9,10,3099,6502.3,20
12/9/2025,JOSHI,BUY,308,10,3080,3422.3,30
12/10/2025,JOSHI,BUY,303,10,3030,392.3,40
1/25/2026,JOSHI,SELL,313,10,3130,3522.3,30
9/20/2021,KKHC,BUY,346,10,3460,62.3,10
9/22/2021,KKHC,SELL,383,10,3830,3892.3,0
9/26/2021,KKHC,BUY,348,10,3480,412.3,10
10/31/2021,KKHC,SELL,384,10,3840,4252.3,0
11/9/2021,KKHC,BUY,351,10,3510,742.3,10
11/16/2021,KKHC,SELL,365,10,3650,4392.3,0
11/18/2021,KKHC,BUY,352,10,3520,872.3,10
11/22/2021,KKHC,SELL,365.5,10,3655,4527.3,0
11/23/2021,KKHC,BUY,350,10,3500,1027.3,10
11/24/2021,KKHC,SELL,362,10,3620,4647.3,0
11/28/2021,KKHC,BUY,339,10,3390,1257.3,10
1/10/2022,KKHC,SELL,330,10,3300,4557.3,0
1/26/2022,KKHC,BUY,313.9,10,3139,1418.3,10
1/30/2022,KKHC,SELL,334,10,3340,4758.3,0
2/13/2022,KKHC,BUY,308,10,3080,1678.3,10
2/15/2022,KKHC,SELL,324,10,3240,4918.3,0
2/20/2022,KKHC,BUY,309,10,3090,1828.3,10
2/21/2022,KKHC,SELL,315,10,3150,4978.3,0
3/2/2022,KKHC,BUY,306.1,10,3061,1917.3,10
6/20/2022,KKHC,BUY,188,10,1880,37.3,20
7/20/2022,KKHC,SELL,214,10,2140,2177.3,10
7/21/2022,KKHC,SELL,213,10,2130,4307.3,0
7/22/2022,KKHC,BUY,207,10,2070,2237.3,10
7/24/2022,KKHC,SELL,218,10,2180,4417.3,0
8/14/2022,KKHC,BUY,215,10,2150,2267.3,10
8/15/2022,KKHC,SELL,231,10,2310,4577.3,0
8/25/2022,KKHC,BUY,220,10,2200,2377.3,10
8/26/2022,KKHC,BUY,218,10,2180,197.3,20
11/17/2022,KKHC,SELL,188,10,1880,2077.3,10
11/22/2022,KKHC,BUY,185,10,1850,227.3,20
11/24/2022,KKHC,SELL,186.7,10,1867,2094.3,10
11/27/2022,KKHC,SELL,191,10,1910,4004.3,0
12/6/2022,KKHC,BUY,181.2,10,1812,2192.3,10
12/7/2022,KKHC,BUY,178,10,1780,412.3,20
12/13/2022,KKHC,SELL,183,10,1830,2242.3,10
12/14/2022,KKHC,BUY,178.5,10,1785,457.3,20
12/21/2022,KKHC,SELL,178.8,10,1788,2245.3,10
12/22/2022,KKHC,BUY,174,10,1740,505.3,20
12/26/2022,KKHC,SELL,186,10,1860,2365.3,10
12/27/2022,KKHC,SELL,198.6,10,1986,4351.3,0
3/23/2023,KKHC,BUY,245,10,2450,1901.3,10
4/12/2023,KKHC,SELL,248.2,10,2482,4383.3,0
4/13/2023,KKHC,BUY,240,10,2400,1983.3,10
6/12/2023,KKHC,SELL,227,10,2270,4253.3,0
6/19/2023,KKHC,BUY,223.5,10,2235,2018.3,10
6/27/2023,KKHC,SELL,224.5,10,2245,4263.3,0
6/28/2023,KKHC,BUY,221,10,2210,2053.3,10
7/5/2023,KKHC,BUY,202,10,2020,33.3,20
9/21/2023,KKHC,SELL,194,10,1940,1973.3,10
9/24/2023,KKHC,SELL,193.1,10,1931,3904.3,0
10/1/2023,KKHC,BUY,181,10,1810,2094.3,10
10/2/2023,KKHC,BUY,177.1,10,1771,323.3,20
10/4/2023,KKHC,SELL,185,10,1850,2173.3,10
10/5/2023,KKHC,BUY,179,10,1790,383.3,20
10/11/2023,KKHC,SELL,182,10,1820,2203.3,10
10/12/2023,KKHC,BUY,172,10,1720,483.3,20
10/18/2023,KKHC,SELL,181,10,1810,2293.3,10
10/19/2023,KKHC,BUY,172.5,10,1725,568.3,20
11/20/2023,KKHC,SELL,180.9,10,1809,2377.3,10
11/21/2023,KKHC,SELL,178,10,1780,4157.3,0
11/22/2023,KKHC,BUY,172.2,10,1722,2435.3,10
11/23/2023,KKHC,SELL,175,10,1750,4185.3,0
3/3/2024,KKHC,BUY,233,10,2330,1855.3,10
3/4/2024,KKHC,SELL,247.1,10,2471,4326.3,0
3/21/2024,KKHC,BUY,242.9,10,2429,1897.3,10
4/10/2024,KKHC,SELL,249,10,2490,4387.3,0
4/15/2024,KKHC,BUY,228,10,2280,2107.3,10
4/18/2024,KKHC,SELL,243.3,10,2433,4540.3,0
4/21/2024,KKHC,BUY,230,10,2300,2240.3,10
4/28/2024,KKHC,BUY,224,10,2240,0.3,20
6/11/2024,KKHC,SELL,229.8,10,2298,2298.3,10
6/12/2024,KKHC,SELL,228,10,2280,4578.3,0
6/30/2024,KKHC,BUY,221,10,2210,2368.3,10
7/1/2024,KKHC,BUY,222,10,2220,148.3,20
7/2/2024,KKHC,SELL,225,10,2250,2398.3,10
7/3/2024,KKHC,BUY,222,10,2220,178.3,20
7/4/2024,KKHC,SELL,229,10,2290,2468.3,10
7/7/2024,KKHC,SELL,229,10,2290,4758.3,0
9/9/2024,KKHC,BUY,266,10,2660,2098.3,10
10/29/2024,KKHC,SELL,285,10,2850,4948.3,0
2/10/2025,KKHC,BUY,382,10,3820,1128.3,10
3/4/2025,KKHC,SELL,388,10,3880,5008.3,0
3/6/2025,KKHC,BUY,380,10,3800,1208.3,10
5/11/2025,KKHC,SELL,371.45,10,3714.5,4922.8,0
5/14/2025,KKHC,BUY,349.98,10,3499.8,1423,10
5/20/2025,KKHC,SELL,352,10,3520,4943,0
5/21/2025,KKHC,BUY,350.48,10,3504.8,1438.2,10
6/9/2025,KKHC,SELL,346.17,10,3461.7,4899.9,0
6/11/2025,KKHC,BUY,342.58,10,3425.8,1474.1,10
6/15/2025,KKHC,SELL,347.79,10,3477.9,4952,0
7/13/2025,KKHC,BUY,291,10,2910,2042,10
10/29/2025,KKHC,SELL,257.4,10,2574,4616,0
11/9/2025,KKHC,BUY,245,10,2450,2166,10
11/17/2025,KKHC,SELL,249,10,2490,4656,0
12/7/2025,KKHC,BUY,243,10,2430,2226,10
12/18/2025,KKHC,BUY,221,10,2210,16,20
1/25/2026,KKHC,SELL,239,10,2390,2406,10
4/6/2022,MEGA,BUY,239,10,2390,16,10
5/26/2022,MEGA,SELL,247.5,10,2475,2491,0
5/30/2022,MEGA,BUY,242,10,2420,71,10
1/9/2023,MEGA,SELL,217,10,2170,2241,0
4/26/2021,NHPC,BUY,146,10,1460,781,10
4/27/2021,NHPC,SELL,157,10,1570,2351,0
4/28/2021,NHPC,BUY,151,10,1510,841,10
4/29/2021,NHPC,SELL,157,10,1570,2411,0
5/3/2021,NHPC,BUY,157,10,1570,841,10
5/4/2021,NHPC,SELL,162,10,1620,2461,0
4/18/2022,NHPC,BUY,243,10,2430,31,10
5/25/2022,NHPC,SELL,282,10,2820,2851,0
5/26/2022,NHPC,BUY,280,10,2800,51,10
7/3/2022,NHPC,SELL,254,10,2540,2591,0
7/4/2022,NHPC,BUY,249,10,2490,101,10
7/24/2022,NHPC,SELL,253,10,2530,2631,0
8/25/2022,NHPC,BUY,250.1,10,2501,130,10
11/22/2022,NHPC,SELL,207.9,10,2079,2209,0
11/23/2022,NHPC,BUY,204.2,10,2042,167,10
11/24/2022,NHPC,SELL,209,10,2090,2257,0
12/7/2022,NHPC,BUY,198.1,10,1981,276,10
12/12/2022,NHPC,SELL,202,10,2020,2296,0
12/15/2022,NHPC,BUY,196.6,10,1966,330,10
12/26/2022,NHPC,SELL,203.1,10,2031,2361,0
3/5/2023,NHPC,BUY,235,10,2350,11,10
3/9/2023,NHPC,SELL,250,10,2500,2511,0
3/13/2023,NHPC,BUY,243,10,2430,81,10
6/6/2023,NHPC,SELL,227,10,2270,2351,0
6/13/2023,NHPC,BUY,221.1,10,2211,140,10
6/14/2023,NHPC,SELL,226,10,2260,2400,0
6/18/2023,NHPC,BUY,199.8,10,1998,402,10
9/21/2023,NHPC,SELL,158.4,10,1584,1986,0
9/24/2023,NHPC,BUY,155,10,1550,436,10
9/26/2023,NHPC,SELL,162,10,1620,2056,0
10/1/2023,NHPC,BUY,151.6,10,1516,540,10
12/10/2023,NHPC,SELL,147.8,10,1478,2018,0
2/18/2024,NHPC,BUY,162,10,1620,398,10
3/4/2024,NHPC,SELL,166,10,1660,2058,0
3/5/2024,NHPC,BUY,162,10,1620,438,10
3/12/2024,NHPC,SELL,165,10,1650,2088,0
3/13/2024,NHPC,BUY,163.2,10,1632,456,10
6/12/2024,NHPC,SELL,147,10,1470,1926,0
6/20/2024,NHPC,BUY,144.8,10,1448,478,10
7/2/2024,NHPC,SELL,145.6,10,1456,1934,0
7/3/2024,NHPC,BUY,143,10,1430,504,10
7/11/2024,NHPC,SELL,147.5,10,1475,1979,0
9/18/2025,NHPC,BUY,178.6,10,1786,193,10
11/25/2025,NHPC,SELL,196,10,1960,2153,0
11/26/2025,NHPC,BUY,194.9,10,1949,204,10
11/27/2025,NHPC,SELL,197.8,10,1978,2182,0
11/30/2025,NHPC,BUY,193,10,1930,252,10
12/24/2025,NHPC,SELL,190.8,10,1908,2160,0
12/29/2025,NHPC,BUY,190,10,1900,260,10
12/31/2025,NHPC,SELL,190.9,10,1909,2169,0
1/1/2026,NHPC,BUY,187.9,10,1879,290,10
1/13/2026,NHPC,SELL,190.4,10,1904,2194,0
1/14/2026,NHPC,BUY,187.8,10,1878,316,10
1/18/2026,NHPC,SELL,190,10,1900,2216,0
3/13/2023,NMB,BUY,221.3,10,2213,3,10
4/12/2023,NMB,SELL,239,10,2390,2393,0
4/17/2023,NMB,BUY,228.1,10,2281,112,10
4/18/2023,NMB,SELL,234,10,2340,2452,0
5/30/2023,NMB,BUY,228,10,2280,172,10
6/27/2023,NMB,SELL,232,10,2320,2492,0
6/28/2023,NMB,BUY,229,10,2290,202,10
7/17/2023,NMB,SELL,234,10,2340,2542,0
8/7/2023,NMB,BUY,228.8,10,2288,254,10
8/14/2023,NMB,SELL,230.3,10,2303,2557,0
8/15/2023,NMB,BUY,226,10,2260,297,10
12/11/2023,NMB,SELL,211.5,10,2115,2412,0
12/12/2023,NMB,BUY,208,10,2080,332,10
12/13/2023,NMB,SELL,209.2,10,2092,2424,0
12/17/2023,NMB,BUY,203,10,2030,394,10
12/18/2023,NMB,SELL,209,10,2090,2484,0
12/27/2023,NMB,BUY,206,10,2060,424,10
1/16/2024,NMB,SELL,205.9,10,2059,2483,0
1/21/2024,NMB,BUY,198.1,10,1981,502,10
3/12/2024,NMB,SELL,197.7,10,1977,2479,0
3/14/2024,NMB,BUY,189.8,10,1898,581,10
3/17/2024,NMB,SELL,194.3,10,1943,2524,0
3/18/2024,NMB,BUY,189,10,1890,634,10
5/14/2024,NMB,SELL,179.9,10,1799,2433,0
5/15/2024,NMB,BUY,178.1,10,1781,652,10
5/16/2024,NMB,SELL,179.6,10,1796,2448,0
6/27/2024,NMB,BUY,185,10,1850,598,10
7/1/2024,NMB,SELL,191,10,1910,2508,0
9/9/2024,NMB,BUY,239.9,10,2399,109,10
9/10/2024,NMB,SELL,244.9,10,2449,2558,0
9/11/2024,NMB,BUY,240,10,2400,158,10
9/12/2024,NMB,SELL,250,10,2500,2658,0
9/16/2024,NMB,BUY,244.3,10,2443,215,10
9/18/2024,NMB,SELL,250,10,2500,2715,0
9/23/2024,NMB,BUY,247.8,10,2478,237,10
10/1/2024,NMB,SELL,258,10,2580,2817,0
11/5/2024,NMB,BUY,258,10,2580,237,10
11/10/2024,NMB,SELL,264,10,2640,2877,0
11/19/2024,NMB,BUY,258.8,10,2588,289,10
11/26/2024,NMB,SELL,261,10,2610,2899,0
12/1/2024,NMB,BUY,253.1,10,2531,368,10
2/4/2025,NMB,SELL,245.9,10,2459,2827,0
2/5/2025,NMB,BUY,245,10,2450,377,10
2/16/2025,NMB,SELL,245,10,2450,2827,0
3/23/2025,NMB,BUY,243.09,10,2430.9,396.1,10
3/26/2025,NMB,SELL,247.7,10,2477,2873.1,0
4/21/2025,NMB,BUY,249.79,10,2497.9,375.2,10
5/22/2025,NMB,SELL,251.38,10,2513.8,2889,0
6/4/2025,NMB,BUY,241.48,10,2414.8,474.2,10
6/29/2025,NMB,SELL,243.23,10,2432.3,2906.5,0
8/14/2025,NMB,BUY,252.33,10,2523.3,383.2,10
11/24/2025,NMB,SELL,247,10,2470,2853.2,0
12/24/2025,NMB,BUY,235.1,10,2351,502.2,10
1/25/2026,NMB,SELL,246.4,10,2464,2966.2,0
4/12/2022,PCBL,BUY,294.9,10,2949,17.2,10
7/15/2022,PCBL,SELL,265,10,2650,2667.2,0
7/17/2022,PCBL,BUY,262.8,10,2628,39.2,10
7/21/2022,PCBL,SELL,264.5,10,2645,2684.2,0
7/22/2022,PCBL,BUY,259,10,2590,94.2,10
7/24/2022,PCBL,SELL,262,10,2620,2714.2,0
7/26/2022,PCBL,BUY,257.5,10,2575,139.2,10
7/31/2022,PCBL,SELL,262,10,2620,2759.2,0
8/3/2022,PCBL,BUY,255,10,2550,209.2,10
11/1/2022,PCBL,SELL,236.9,10,2369,2578.2,0
11/10/2022,PCBL,BUY,229,10,2290,288.2,10
11/17/2022,PCBL,SELL,231.8,10,2318,2606.2,0
12/7/2022,PCBL,BUY,226.9,10,2269,337.2,10
12/27/2022,PCBL,SELL,226.9,10,2269,2606.2,0
12/29/2022,PCBL,BUY,223.1,10,2231,375.2,10
1/9/2023,PCBL,SELL,229,10,2290,2665.2,0
1/18/2023,PCBL,BUY,225,10,2250,415.2,10
1/24/2023,PCBL,SELL,226.8,10,2268,2683.2,0
1/25/2023,PCBL,BUY,222.2,10,2222,461.2,10
5/23/2023,PCBL,SELL,196.9,10,1969,2430.2,0
5/30/2023,PCBL,BUY,192.5,10,1925,505.2,10
6/14/2023,PCBL,SELL,196.8,10,1968,2473.2,0
6/18/2023,PCBL,BUY,194.5,10,1945,528.2,10
6/27/2023,PCBL,SELL,198,10,1980,2508.2,0
7/2/2023,PCBL,BUY,192.7,10,1927,581.2,10
7/16/2023,PCBL,SELL,195,10,1950,2531.2,0
8/6/2023,PCBL,BUY,193.3,10,1933,598.2,10
10/18/2023,PCBL,SELL,184.3,10,1843,2441.2,0
10/29/2023,PCBL,BUY,182,10,1820,621.2,10
11/5/2023,PCBL,SELL,183.7,10,1837,2458.2,0
2/14/2024,PCBL,BUY,201.5,10,2015,443.2,10
4/25/2024,PCBL,SELL,195.3,10,1953,2396.2,0
4/28/2024,PCBL,BUY,194,10,1940,456.2,10
4/30/2024,PCBL,SELL,195.3,10,1953,2409.2,0
5/2/2024,PCBL,BUY,193,10,1930,479.2,10
5/13/2024,PCBL,SELL,197,10,1970,2449.2,0
6/23/2024,PCBL,BUY,195.5,10,1955,494.2,10
7/2/2024,PCBL,SELL,202,10,2020,2514.2,0
1/9/2025,PCBL,BUY,251,10,2510,4.2,10
2/17/2025,PCBL,SELL,253,10,2530,2534.2,0
2/23/2025,PCBL,BUY,249.2,10,2492,42.2,10
2/24/2025,PCBL,SELL,251,10,2510,2552.2,0
3/18/2025,PCBL,BUY,250,10,2500,52.2,10
3/19/2025,PCBL,SELL,252.7,10,2527,2579.2,0
3/23/2025,PCBL,BUY,249,10,2490,89.2,10
3/24/2025,PCBL,SELL,251.33,10,2513.3,2602.5,0
3/25/2025,PCBL,BUY,247.09,10,2470.9,131.6,10
3/26/2025,PCBL,SELL,251.86,10,2518.6,2650.2,0
4/8/2025,PCBL,BUY,250.43,10,2504.3,145.9,10
4/9/2025,PCBL,SELL,253.02,10,2530.2,2676.1,0
4/13/2025,PCBL,BUY,250.01,10,2500.1,176,10
4/16/2025,PCBL,SELL,252.54,10,2525.4,2701.4,0
4/21/2025,PCBL,BUY,252.21,10,2522.1,179.3,10
5/20/2025,PCBL,SELL,250.73,10,2507.3,2686.6,0
5/21/2025,PCBL,BUY,247.35,10,2473.5,213.1,10
5/22/2025,PCBL,SELL,254.26,10,2542.6,2755.7,0
6/3/2025,PCBL,BUY,244.33,10,2443.3,312.4,10
6/29/2025,PCBL,SELL,244.2,10,2442,2754.4,0
8/6/2025,PCBL,BUY,255.79,10,2557.9,196.5,10
8/7/2025,PCBL,SELL,258.37,10,2583.7,2780.2,0
8/11/2025,PCBL,BUY,255.66,10,2556.6,223.6,10
8/27/2025,PCBL,SELL,260.54,10,2605.4,2829,0
8/28/2025,PCBL,BUY,255.1,10,2551,278,10
11/13/2025,PCBL,SELL,247.3,10,2473,2751,0
12/7/2025,PCBL,BUY,245,10,2450,301,10
12/14/2025,PCBL,SELL,247.6,10,2476,2777,0
1/5/2026,PCBL,BUY,238.5,10,2385,392,10
